Name,POS,playerid,FI,Zone,rDW,,,,,,,,,,
Mookie Betts,RF,13611,12.63,18.04,30.67,,,,,,,,,,
Brian Dozier,2B,9810,12.16,17.75,29.91,,,,,,,,,,
Lorenzo Cain,CF,9077,11.55,17.29,28.84,,,,,,,,,,
Byron Buxton,CF,14161,10.86,17.55,28.41,,,,,,,,,,
Ender Inciarte,CF,4922,12.11,15.87,27.98,,,,,,,,,,
Justin Upton,LF,5222,12.69,14.46,27.15,,,,,,,,,,
Martin Maldonado,CA,6887,10.63,16.26,26.89,,,,,,,,,,
Joey Votto,1B,4314,14.67,12.16,26.83,,,,,,,,,,
Paul Goldschmidt,1B,9218,11.09,14.44,25.53,,,,,,,,,,
Marcell Ozuna,LF,10324,13.93,11.41,25.34,,,,,,,,,,
Alex Bregman,3B,17678,10.27,14.88,25.15,,,,,,,,,,
Giancarlo Stanton,RF,4949,11.39,13.25,24.63,,,,,,,,,,
Adam Duvall,LF,10950,11.81,12.08,23.89,,,,,,,,,,
Brett Gardner,LF,9927,11.32,12.37,23.68,,,,,,,,,,
Freddy Galvis,SS,6609,11.80,11.66,23.46,,,,,,,,,,
Elvis Andrus,SS,8709,11.62,11.58,23.20,,,,,,,,,,
Kyle Seager,3B,9785,12.47,10.70,23.17,,,,,,,,,,
Francisco Lindor,SS,12916,10.33,12.59,22.92,,,,,,,,,,
Alex Gordon,LF,5209,12.07,10.62,22.69,,,,,,,,,,
Nolan Arenado,3B,9777,12.59,10.08,22.67,,,,,,,,,,
Andrelton Simmons,SS,10847,10.81,11.69,22.50,,,,,,,,,,
Yasmani Grandal,CA,11368,5.16,17.20,22.37,,,,,,,,,,
Jonathan Schoop,2B,11265,11.82,10.50,22.31,,,,,,,,,,
Kevin Pillar,CF,12434,9.99,11.86,21.85,,,,,,,,,,
DJ LeMahieu,2B,9874,12.86,8.63,21.48,,,,,,,,,,
Orlando Arcia,SS,13185,9.03,12.31,21.33,,,,,,,,,,
Yasiel Puig,RF,14225,9.38,11.66,21.04,,,,,,,,,,
Alcides Escobar,SS,6310,10.87,10.05,20.92,,,,,,,,,,
Travis Shaw,3B,11982,10.16,10.10,20.25,,,,,,,,,,
Manny Machado,3B,11493,11.31,8.90,20.22,,,,,,,,,,
Tim Beckham,SS,7949,6.10,14.09,20.19,,,,,,,,,,
Jose Altuve,2B,5417,8.75,11.44,20.19,,,,,,,,,,
Austin Hedges,CA,12976,7.52,12.54,20.06,,,,,,,,,,
Eugenio Suarez,3B,12552,11.15,8.56,19.71,,,,,,,,,,
David Peralta,RF,2136,9.07,10.56,19.63,,,,,,,,,,
Nick Markakis,RF,5930,10.58,8.97,19.55,,,,,,,,,,
Justin Smoak,1B,9054,9.34,10.20,19.54,,,,,,,,,,
Whit Merrifield,2B,11281,9.44,9.95,19.39,,,,,,,,,,
Brandon Belt,1B,10264,7.32,11.99,19.31,,,,,,,,,,
Rougned Odor,2B,12282,9.91,9.35,19.26,,,,,,,,,,
Tommy Pham,LF,2967,9.12,10.00,19.13,,,,,,,,,,
Todd Frazier,3B,785,7.19,11.85,19.04,,,,,,,,,,
Kris Bryant,3B,15429,8.12,10.75,18.87,,,,,,,,,,
Evan Longoria,3B,9368,10.04,8.78,18.82,,,,,,,,,,
Charlie Blackmon,CF,7859,9.40,9.38,18.78,,,,,,,,,,
Jose E Ramirez,3B,13510,10.20,8.56,18.75,,,,,,,,,,
Billy Hamilton,CF,10199,9.67,9.05,18.71,,,,,,,,,,
Aaron Judge,RF,15640,8.70,9.84,18.53,,,,,,,,,,
Yolmer Sanchez,2B,11602,9.10,9.42,18.52,,,,,,,,,,
Khris Davis,LF,9112,9.06,9.37,18.43,,,,,,,,,,
Jackie Bradley Jr.,CF,12984,8.51,9.85,18.36,,,,,,,,,,
Kole Calhoun,RF,11200,11.23,7.06,18.29,,,,,,,,,,
Delino DeShields,LF,11379,8.04,10.16,18.19,,,,,,,,,,
Odubel Herrera,CF,11476,9.69,8.41,18.10,,,,,,,,,,
Chris Taylor,LF,13757,7.64,10.44,18.08,,,,,,,,,,
Andrew Benintendi,LF,17901,10.17,7.87,18.04,,,,,,,,,,
Jedd Gyorko,3B,10816,7.91,10.02,17.93,,,,,,,,,,
Matt Joyce,RF,3353,7.93,10.00,17.92,,,,,,,,,,
Corey Seager,SS,13624,8.03,9.69,17.73,,,,,,,,,,
Anthony Rizzo,1B,3473,14.06,3.50,17.56,,,,,,,,,,
Wil Myers,1B,10047,8.42,9.12,17.54,,,,,,,,,,
Justin Turner,3B,5235,7.11,10.36,17.47,,,,,,,,,,
David Freese,3B,9549,7.37,10.05,17.42,,,,,,,,,,
Dee Gordon,2B,8203,10.22,7.13,17.35,,,,,,,,,,
Robinson Cano,2B,3269,9.11,8.15,17.26,,,,,,,,,,
Mitch Moreland,1B,3086,7.19,9.99,17.18,,,,,,,,,,
Hunter Pence,RF,8252,9.40,7.69,17.09,,,,,,,,,,
Trevor Story,SS,12564,10.22,6.76,16.98,,,,,,,,,,
Michael Taylor,CF,11489,7.57,9.24,16.80,,,,,,,,,,
Kevin Kiermaier,CF,11038,6.18,10.48,16.65,,,,,,,,,,
Didi Gregorius,SS,6012,8.84,7.75,16.59,,,,,,,,,,
Josh Harrison,2B,8202,9.09,7.29,16.38,,,,,,,,,,
Adam Engel,CF,15082,7.52,8.85,16.37,,,,,,,,,,
Avisail Garcia,RF,5760,8.61,7.74,16.35,,,,,,,,,,
Jason Heyward,RF,4940,8.21,8.05,16.26,,,,,,,,,,
Christian Vazquez,CA,9774,5.32,10.82,16.13,,,,,,,,,,
Jay Bruce,RF,9892,8.67,7.44,16.12,,,,,,,,,,
Joe Mauer,1B,1857,7.75,8.01,15.77,,,,,,,,,,
Brandon Crawford,SS,5343,9.82,5.86,15.68,,,,,,,,,,
Chris Davis,1B,9272,7.82,7.85,15.67,,,,,,,,,,
Mikie Mahtook,CF,13130,6.98,8.67,15.65,,,,,,,,,,
Josh Bell,1B,13145,8.01,7.52,15.53,,,,,,,,,,
Eric Thames,1B,3711,7.53,7.99,15.53,,,,,,,,,,
Max Kepler,RF,12144,10.43,5.06,15.49,,,,,,,,,,
Gregory Polanco,RF,12907,6.15,9.16,15.31,,,,,,,,,,
Aaron Altherr,LF,11270,8.04,7.23,15.27,,,,,,,,,,
Ryan Goins,SS,9807,8.84,6.39,15.23,,,,,,,,,,
Hunter Renfroe,RF,15464,6.03,9.18,15.21,,,,,,,,,,
Hernan Perez,LF,5751,6.78,8.33,15.10,,,,,,,,,,
Ian Kinsler,2B,6195,8.92,6.08,15.00,,,,,,,,,,
Starlin Castro,2B,4579,5.04,9.95,15.00,,,,,,,,,,
Yulieski Gurriel,1B,19198,8.45,6.41,14.86,,,,,,,,,,
Steven Souza Jr.,RF,5667,7.03,7.81,14.84,,,,,,,,,,
Carlos Correa,SS,14162,6.64,8.14,14.77,,,,,,,,,,
Yadier Molina,CA,7007,7.44,7.13,14.57,,,,,,,,,,
Daniel Murphy,2B,4316,9.26,5.20,14.46,,,,,,,,,,
Eddie Rosario,LF,12155,10.53,3.85,14.38,,,,,,,,,,
Trey Mancini,LF,15149,8.05,6.23,14.28,,,,,,,,,,
Roberto Perez,CA,2900,5.28,8.98,14.26,,,,,,,,,,
Jean Segura,SS,5933,5.14,9.05,14.19,,,,,,,,,,
Yan Gomes,CA,9627,9.12,5.04,14.16,,,,,,,,,,
Michael Brantley,LF,4106,6.52,7.55,14.07,,,,,,,,,,
Gerardo Parra,LF,8553,7.17,6.71,13.88,,,,,,,,,,
Sandy Leon,CA,5273,5.15,8.68,13.83,,,,,,,,,,
Tyler Saladino,2B,10807,5.34,8.46,13.79,,,,,,,,,,
Logan Forsythe,2B,7185,6.63,7.06,13.69,,,,,,,,,,
Corey Dickerson,LF,10762,8.03,5.63,13.66,,,,,,,,,,
Jose Abreu,1B,15676,8.02,5.59,13.60,,,,,,,,,,
Wilmer Difo,SS,14320,5.22,8.37,13.59,,,,,,,,,,
Jose Bautista,RF,1887,10.16,3.42,13.57,,,,,,,,,,
Cesar Hernandez,2B,10556,8.48,5.07,13.55,,,,,,,,,,
George Springer,CF,12856,8.03,5.48,13.51,,,,,,,,,,
Nomar Mazara,RF,14553,8.23,5.27,13.50,,,,,,,,,,
Matt Carpenter,1B,8090,7.36,6.06,13.42,,,,,,,,,,
Cameron Maybin,CF,5223,8.09,5.31,13.40,,,,,,,,,,
Joey Gallo,3B,14128,7.08,6.00,13.08,,,,,,,,,,
Tim Anderson,SS,15172,4.87,8.21,13.08,,,,,,,,,,
Christian Yelich,CF,11477,10.69,2.26,12.95,,,,,,,,,,
Jorge Polanco,SS,13152,6.07,6.79,12.86,,,,,,,,,,
Danny Valencia,1B,6364,6.02,6.78,12.79,,,,,,,,,,
Cory Spangenberg,3B,12294,6.50,6.29,12.79,,,,,,,,,,
Brad Miller,2B,12775,4.19,8.58,12.77,,,,,,,,,,
Anthony Rendon,3B,12861,9.98,2.77,12.75,,,,,,,,,,
Maikel Franco,3B,12179,7.95,4.77,12.72,,,,,,,,,,
Carlos Santana,1B,2396,9.86,2.86,12.72,,,,,,,,,,
Josh Reddick,RF,3892,6.61,6.03,12.63,,,,,,,,,,
Javier Baez,2B,12979,6.99,5.64,12.62,,,,,,,,,,
Josh Donaldson,3B,5038,5.85,6.76,12.61,,,,,,,,,,
Tyler Flowers,CA,9134,3.85,8.73,12.58,,,,,,,,,,
Matt Chapman,3B,16505,6.61,5.93,12.54,,,,,,,,,,
Mitch Haniger,RF,14274,6.07,6.44,12.51,,,,,,,,,,
Ronald Torreyes,2B,11400,6.43,6.03,12.46,,,,,,,,,,
Cody Bellinger,1B,15998,7.02,5.42,12.44,,,,,,,,,,
Keon Broxton,CF,9253,5.60,6.80,12.40,,,,,,,,,,
Adeiny Hechavarria,SS,10459,6.71,5.68,12.39,,,,,,,,,,
Mark Reynolds,1B,7619,7.97,4.39,12.36,,,,,,,,,,
J.J. Hardy,SS,3797,5.00,7.26,12.26,,,,,,,,,,
Jeff Mathis,CA,3448,7.45,4.80,12.25,,,,,,,,,,
Ryan Schimpf,3B,9953,2.93,9.32,12.24,,,,,,,,,,
Chase Headley,3B,4720,7.22,4.90,12.11,,,,,,,,,,
Manny Pina,CA,2829,7.57,4.48,12.05,,,,,,,,,,
Melky Cabrera,LF,4022,10.64,1.41,12.04,,,,,,,,,,
Jose Peraza,2B,13593,8.00,3.94,11.94,,,,,,,,,,
Joey Rickard,RF,13277,5.02,6.89,11.90,,,,,,,,,,
Carlos Gomez,CF,4881,6.31,5.59,11.90,,,,,,,,,,
Curtis Granderson,CF,4747,6.84,5.02,11.86,,,,,,,,,,
Jarrod Dyson,CF,4866,7.72,4.14,11.86,,,,,,,,,,
Jose Pirela,LF,5485,4.82,6.97,11.79,,,,,,,,,,
Jordy Mercer,SS,6547,9.03,2.76,11.79,,,,,,,,,,
Scott Schebler,RF,12225,7.31,4.44,11.75,,,,,,,,,,
J.D. Martinez,RF,6184,6.30,5.43,11.73,,,,,,,,,,
Manuel Margot,CF,14712,7.97,3.71,11.69,,,,,,,,,,
Bryce Harper,RF,11579,6.59,5.09,11.68,,,,,,,,,,
Addison Russell,SS,14106,5.07,6.57,11.64,,,,,,,,,,
Jose Iglesias,SS,10231,9.46,2.13,11.58,,,,,,,,,,
Stephen Piscotty,RF,13367,5.83,5.72,11.55,,,,,,,,,,
Aaron Hicks,CF,5297,4.72,6.77,11.48,,,,,,,,,,
Jake Lamb,3B,13329,8.15,3.19,11.34,,,,,,,,,,
Juan Lagares,CF,5384,4.85,6.44,11.29,,,,,,,,,,
Ryan Braun,LF,3410,6.61,4.64,11.24,,,,,,,,,,
Carlos Asuaje,2B,15197,6.48,4.73,11.20,,,,,,,,,,
Michael Conforto,LF,16376,6.31,4.83,11.14,,,,,,,,,,
Mike Trout,CF,10155,7.77,3.33,11.10,,,,,,,,,,
Ben Revere,LF,4712,6.08,5.00,11.08,,,,,,,,,,
Jed Lowrie,2B,4418,9.85,1.19,11.04,,,,,,,,,,
Yoan Moncada,2B,17232,2.96,8.08,11.03,,,,,,,,,,
Carlos Gonzalez,RF,7287,6.70,4.28,10.98,,,,,,,,,,
Zack Cozart,SS,2616,6.56,4.29,10.84,,,,,,,,,,
Deven Marrero,3B,13325,3.80,7.01,10.81,,,,,,,,,,
Miguel Rojas,SS,7802,4.53,6.17,10.70,,,,,,,,,,
Trea Turner,SS,16252,5.79,4.90,10.69,,,,,,,,,,
Miguel Cabrera,1B,1744,7.13,3.48,10.61,,,,,,,,,,
Marcus Semien,SS,12533,5.58,5.00,10.59,,,,,,,,,,
Jacoby Ellsbury,CF,4727,5.01,5.41,10.42,,,,,,,,,,
Ben Gamel,LF,12160,8.97,1.39,10.36,,,,,,,,,,
Starling Marte,LF,9241,6.69,3.65,10.34,,,,,,,,,,
A.J. Pollock,CF,9256,6.73,3.57,10.29,,,,,,,,,,
Shin-Soo Choo,RF,3174,5.18,5.05,10.23,,,,,,,,,,
Leury Garcia,CF,5913,5.72,4.49,10.20,,,,,,,,,,
Dustin Pedroia,2B,8370,6.64,3.52,10.16,,,,,,,,,,
Jorge Bonifacio,RF,12174,5.67,4.47,10.13,,,,,,,,,,
Andrew McCutchen,CF,9847,8.71,1.36,10.07,,,,,,,,,,
Kyle Schwarber,LF,16478,5.63,4.41,10.04,,,,,,,,,,
Ben Zobrist,2B,7435,7.39,2.64,10.03,,,,,,,,,,
Mallex Smith,CF,13608,4.11,5.85,9.96,,,,,,,,,,
Dansby Swanson,SS,18314,6.76,3.10,9.86,,,,,,,,,,
Lucas Duda,1B,2502,5.02,4.83,9.85,,,,,,,,,,
Bradley Zimmer,CF,16221,5.91,3.81,9.72,,,,,,,,,,
Yoenis Cespedes,LF,13110,5.08,4.64,9.72,,,,,,,,,,
Freddie Freeman,1B,5361,7.28,2.36,9.64,,,,,,,,,,
Steve Pearce,LF,9957,5.79,3.83,9.62,,,,,,,,,,
Domingo Santana,RF,10348,7.13,2.49,9.61,,,,,,,,,,
Miguel Sano,3B,12164,5.65,3.87,9.52,,,,,,,,,,
Adam Jones,CF,6368,9.04,.45,9.49,,,,,,,,,,
Buster Posey,CA,9166,8.91,.56,9.47,,,,,,,,,,
Logan Morrison,1B,9205,6.31,3.09,9.40,,,,,,,,,,
Guillermo Heredia,LF,18721,9.63,-.26,9.36,,,,,,,,,,
Gorkys Hernandez,CF,4146,6.30,3.00,9.30,,,,,,,,,,
Randal Grichuk,RF,10243,7.07,2.06,9.13,,,,,,,,,,
Ryan Zimmerman,1B,4220,4.65,4.45,9.10,,,,,,,,,,
Adam Frazier,LF,15223,5.20,3.72,8.92,,,,,,,,,,
Yonder Alonso,1B,2530,5.80,3.01,8.81,,,,,,,,,,
Brandon Nimmo,LF,12927,4.27,4.53,8.80,,,,,,,,,,
C.J. Cron,1B,12546,6.17,2.55,8.72,,,,,,,,,,
Austin Jackson,LF,9848,4.33,4.28,8.61,,,,,,,,,,
Justin Bour,1B,9744,6.39,2.10,8.49,,,,,,,,,,
Howie Kendrick,LF,4229,4.82,3.65,8.46,,,,,,,,,,
JaCoby Jones,CF,14818,3.61,4.84,8.44,,,,,,,,,,
Xander Bogaerts,SS,12161,7.02,1.21,8.22,,,,,,,,,,
Seth Smith,RF,7331,5.53,2.64,8.17,,,,,,,,,,
Peter Bourjos,LF,2578,4.57,3.54,8.10,,,,,,,,,,
Eric Sogard,2B,7927,4.43,3.56,7.99,,,,,,,,,,
Jesus Aguilar,1B,11342,3.27,4.68,7.94,,,,,,,,,,
Nick Ahmed,SS,12147,2.88,5.06,7.94,,,,,,,,,,
Kolten Wong,2B,12532,6.75,1.16,7.91,,,,,,,,,,
Adrian Beltre,3B,639,5.41,2.46,7.87,,,,,,,,,,
Austin Romine,CA,5491,6.00,1.76,7.76,,,,,,,,,,
Luis Valbuena,1B,4969,5.66,2.08,7.74,,,,,,,,,,
Matt Olson,1B,14344,4.01,3.72,7.73,,,,,,,,,,
Marwin Gonzalez,LF,5497,7.51,.19,7.70,,,,,,,,,,
Mike Napoli,1B,3057,4.40,3.25,7.66,,,,,,,,,,
Dexter Fowler,CF,4062,6.86,.70,7.56,,,,,,,,,,
Jon Jay,LF,5227,5.15,2.41,7.56,,,,,,,,,,
Albert Almora Jr.,CF,14109,4.96,2.57,7.53,,,,,,,,,,
Daniel Ray Robertson,2B,14145,4.29,3.19,7.48,,,,,,,,,,
Max Moroff,2B,14556,3.15,4.32,7.47,,,,,,,,,,
Brandon Drury,2B,11615,5.84,1.60,7.44,,,,,,,,,,
Tommy Joseph,1B,10349,5.94,1.45,7.38,,,,,,,,,,
Matt Adams,1B,9393,3.57,3.79,7.37,,,,,,,,,,
Derek Dietrich,3B,10542,5.98,1.33,7.30,,,,,,,,,,
Johan Camargo,3B,14950,4.62,2.51,7.13,,,,,,,,,,
Ehire Adrianza,SS,8418,4.06,3.07,7.12,,,,,,,,,,
Ketel Marte,SS,13613,2.91,4.21,7.11,,,,,,,,,,
Ichiro Suzuki,RF,1101,2.43,4.68,7.11,,,,,,,,,,
Andrew Romine,LF,1159,6.79,.29,7.08,,,,,,,,,,
Jayson Werth,LF,1327,3.89,3.18,7.06,,,,,,,,,,
Cliff Pennington,2B,3395,3.26,3.76,7.02,,,,,,,,,,
Gary Sanchez,CA,11442,5.34,1.64,6.98,,,,,,,,,,
Daniel Nava,LF,5450,3.52,3.33,6.85,,,,,,,,,,
Jarrett Parker,LF,11624,3.19,3.66,6.84,,,,,,,,,,
Enrique Hernandez,LF,10472,4.55,2.28,6.83,,,,,,,,,,
Neil Walker,2B,7539,6.01,.82,6.83,,,,,,,,,,
Jose Martinez,1B,7996,3.39,3.44,6.83,,,,,,,,,,
Chris Iannetta,CA,8267,3.82,2.86,6.69,,,,,,,,,,
Ezequiel Carrera,LF,9048,5.14,1.45,6.59,,,,,,,,,,
Paul DeJong,SS,18015,6.11,.47,6.58,,,,,,,,,,
Matt Szczur,LF,11255,3.75,2.83,6.58,,,,,,,,,,
Robbie Grossman,RF,5254,2.25,4.31,6.56,,,,,,,,,,
Russell Martin,CA,4616,4.66,1.86,6.52,,,,,,,,,,
Ryan Rua,LF,12409,3.30,3.19,6.49,,,,,,,,,,
Brian Goodwin,CF,12858,4.22,2.22,6.43,,,,,,,,,,
Yangervis Solarte,2B,5352,7.45,-1.08,6.37,,,,,,,,,,
Darwin Barney,2B,2430,6.82,-.48,6.34,,,,,,,,,,
Troy Tulowitzki,SS,3531,3.67,2.67,6.34,,,,,,,,,,
Derek Fisher,LF,16192,3.04,3.25,6.28,,,,,,,,,,
Alex Presley,RF,5305,3.52,2.74,6.25,,,,,,,,,,
Rene Rivera,CA,3648,5.46,.78,6.24,,,,,,,,,,
Adam Lind,LF,8027,3.23,2.98,6.20,,,,,,,,,,
Mark Canha,LF,11445,2.58,3.57,6.15,,,,,,,,,,
Jake Marisnick,CF,11339,3.75,2.38,6.13,,,,,,,,,,
Taylor Motter,SS,12399,4.41,1.67,6.07,,,,,,,,,,
Jason Castro,CA,8722,3.54,2.51,6.05,,,,,,,,,,
Alen Hanson,2B,12926,2.02,3.81,5.83,,,,,,,,,,
Nori Aoki,LF,13075,5.85,-.02,5.83,,,,,,,,,,
Eduardo Escobar,3B,6153,5.69,.11,5.80,,,,,,,,,,
Brandon Phillips,2B,791,8.77,-3.05,5.73,,,,,,,,,,
Caleb Joseph,CA,7087,2.00,3.70,5.70,,,,,,,,,,
Craig Gentry,LF,9571,2.06,3.63,5.69,,,,,,,,,,
Austin Slater,LF,16153,2.52,3.14,5.65,,,,,,,,,,
J.T. Riddle,SS,17642,3.59,2.02,5.61,,,,,,,,,,
Brian McCann,CA,4810,4.20,1.40,5.59,,,,,,,,,,
Leonys Martin,RF,11846,2.57,3.02,5.58,,,,,,,,,,
Colby Rasmus,LF,9893,2.70,2.85,5.55,,,,,,,,,,
Ian Desmond,LF,6885,5.04,.42,5.46,,,,,,,,,,
Lonnie Chisenhall,RF,7571,3.83,1.53,5.36,,,,,,,,,,
Rajai Davis,CF,3708,5.33,.01,5.33,,,,,,,,,,
Hyun Soo Kim,LF,18718,4.34,.98,5.32,,,,,,,,,,
Eric Hosmer,1B,3516,9.33,-4.08,5.25,,,,,,,,,,
Martin Prado,3B,3312,2.55,2.68,5.23,,,,,,,,,,
Chase Utley,2B,1679,3.56,1.63,5.19,,,,,,,,,,
Trevor Plouffe,3B,7462,4.06,1.10,5.16,,,,,,,,,,
Chris Herrmann,CA,9284,2.98,2.17,5.15,,,,,,,,,,
Gregor Blanco,LF,3123,2.48,2.62,5.10,,,,,,,,,,
Pablo Sandoval,3B,5409,2.83,2.27,5.10,,,,,,,,,,
Austin Barnes,CA,12158,.81,4.27,5.09,,,,,,,,,,
Nick Williams,RF,14330,4.32,.74,5.06,,,,,,,,,,
Juan Graterol,CA,5398,3.74,1.30,5.04,,,,,,,,,,
Eric Young,LF,7158,2.66,2.25,4.91,,,,,,,,,,
Jace Peterson,LF,12325,3.01,1.88,4.89,,,,,,,,,,
Rafael Devers,3B,17350,1.25,3.62,4.87,,,,,,,,,,
Danny Espinosa,2B,9219,3.89,.95,4.84,,,,,,,,,,
T.J. Rivera,1B,12495,2.76,2.07,4.83,,,,,,,,,,
Greg Garcia,3B,10951,4.06,.76,4.82,,,,,,,,,,
Wilson Ramos,CA,1433,4.26,.38,4.65,,,,,,,,,,
Devon Travis,2B,13862,3.07,1.55,4.62,,,,,,,,,,
Zack Granite,CF,15343,2.14,2.49,4.62,,,,,,,,,,
Kurt Suzuki,CA,8259,4.03,.59,4.62,,,,,,,,,,
Matt Davidson,3B,7226,1.55,3.05,4.60,,,,,,,,,,
Brandon Guyer,LF,2636,2.54,2.03,4.57,,,,,,,,,,
Asdrubal Cabrera,2B,4962,5.28,-.87,4.41,,,,,,,,,,
Kennys Vargas,1B,12101,1.71,2.66,4.37,,,,,,,,,,
Chris Carter,1B,9911,2.16,2.09,4.24,,,,,,,,,,
Buster Posey,1B,9166,2.05,2.18,4.23,,,,,,,,,,
Paulo Orlando,RF,8628,1.73,2.45,4.18,,,,,,,,,,
Adrian Gonzalez,1B,1908,3.31,.84,4.15,,,,,,,,,,
R.A. Dickey,P,1245,1.85,2.19,4.04,,,,,,,,,,
Jurickson Profar,LF,10815,1.67,2.37,4.03,,,,,,,,,,
Ozzie Albies,2B,16556,3.85,.18,4.03,,,,,,,,,,
Jose Reyes,SS,1736,8.22,-4.20,4.02,,,,,,,,,,
Jesus Sucre,CA,5942,2.79,1.21,4.00,,,,,,,,,,
Gregory Bird,1B,14131,2.15,1.83,3.98,,,,,,,,,,
Brock Holt,2B,9345,1.70,2.27,3.96,,,,,,,,,,
Jason Kipnis,2B,9776,4.24,-.35,3.89,,,,,,,,,,
Denard Span,CF,8347,7.69,-3.82,3.87,,,,,,,,,,
Zack Greinke,P,1943,2.36,1.50,3.86,,,,,,,,,,
Josh Rutledge,3B,11167,1.66,2.20,3.86,,,,,,,,,,
Marcus Stroman,P,13431,1.56,2.25,3.81,,,,,,,,,,
Rio Ruiz,3B,14103,2.22,1.56,3.78,,,,,,,,,,
Adonis Garcia,3B,13777,1.85,1.91,3.76,,,,,,,,,,
Ivan Nova,P,1994,1.88,1.88,3.75,,,,,,,,,,
Chris Heisey,LF,3978,1.51,2.24,3.74,,,,,,,,,,
Tyler Moore,1B,7244,2.67,1.07,3.73,,,,,,,,,,
Dominic Smith,1B,15653,2.60,1.10,3.70,,,,,,,,,,
Chad Pinder,RF,15191,4.14,-.51,3.64,,,,,,,,,,
Zach Davies,P,13183,1.92,1.69,3.61,,,,,,,,,,
Mike Leake,P,10130,1.93,1.63,3.56,,,,,,,,,,
Patrick Corbin,P,9323,1.85,1.69,3.53,,,,,,,,,,
Nick Delmonico,LF,13157,2.89,.62,3.51,,,,,,,,,,
Luke Maile,CA,13355,.86,2.61,3.47,,,,,,,,,,
Ruben Tejada,SS,5519,2.34,1.05,3.39,,,,,,,,,,
Tyler Chatwood,P,4338,1.67,1.69,3.36,,,,,,,,,,
Jabari Blash,RF,11247,2.16,1.10,3.26,,,,,,,,,,
Danny Santana,LF,10322,2.70,.55,3.25,,,,,,,,,,
Andrew Stevenson,RF,17932,1.28,1.95,3.23,,,,,,,,,,
Ryon Healy,1B,15447,.43,2.79,3.22,,,,,,,,,,
Amed Rosario,SS,15518,2.02,1.20,3.22,,,,,,,,,,
Chris Stewart,CA,3878,1.80,1.34,3.13,,,,,,,,,,
Clayton Richard,P,3551,1.68,1.44,3.12,,,,,,,,,,
Andres Blanco,3B,1907,1.28,1.83,3.11,,,,,,,,,,
Shane Peterson,LF,7423,1.64,1.42,3.06,,,,,,,,,,
Patrick Kivlehan,RF,13910,2.28,.78,3.05,,,,,,,,,,
Yunel Escobar,3B,4191,3.50,-.45,3.05,,,,,,,,,,
Jeff Samardzija,P,3254,1.52,1.50,3.02,,,,,,,,,,
Mac Williamson,RF,14158,.98,2.04,3.02,,,,,,,,,,
Kyle Gibson,P,10123,1.77,1.25,3.02,,,,,,,,,,
Julio Teheran,P,6797,1.21,1.75,2.96,,,,,,,,,,
Kyle Hendricks,P,12049,1.64,1.31,2.95,,,,,,,,,,
Andrew Toles,LF,13414,1.30,1.61,2.91,,,,,,,,,,
J.P. Crawford,3B,15491,2.47,.43,2.90,,,,,,,,,,
Jhoulys Chacin,P,2608,1.07,1.81,2.88,,,,,,,,,,
Tyler Collins,CF,12723,2.86,-.01,2.85,,,,,,,,,,
J.D. Davis,3B,16219,1.75,1.10,2.85,,,,,,,,,,
Jon Lester,P,4930,1.53,1.31,2.84,,,,,,,,,,
Adam Wainwright,P,2233,1.58,1.25,2.83,,,,,,,,,,
Boog Powell,CF,15103,2.41,.42,2.82,,,,,,,,,,
Ramon Torres,2B,14113,1.81,1.00,2.81,,,,,,,,,,
Nick Castellanos,3B,11737,5.93,-3.15,2.78,,,,,,,,,,
Abraham Almonte,LF,5486,2.55,.22,2.77,,,,,,,,,,
Gift Ngoepe,2B,10340,1.53,1.22,2.76,,,,,,,,,,
Jake Arrieta,P,4153,1.18,1.56,2.74,,,,,,,,,,
Jared Hoying,CF,10882,1.13,1.60,2.73,,,,,,,,,,
John Lackey,P,1507,1.85,.88,2.72,,,,,,,,,,
Travis Jankowski,LF,13768,1.58,1.14,2.72,,,,,,,,,,
Gerrit Cole,P,13125,1.38,1.31,2.69,,,,,,,,,,
Yasmany Tomas,LF,17171,1.88,.77,2.65,,,,,,,,,,
Harrison Bader,CF,18030,1.14,1.48,2.62,,,,,,,,,,
Sean Rodriguez,3B,6589,1.88,.73,2.61,,,,,,,,,,
Franchy Cordero,CF,14567,1.00,1.61,2.60,,,,,,,,,,
Aaron Nola,P,16149,1.22,1.31,2.53,,,,,,,,,,
Scooter Gennett,2B,10339,6.29,-3.79,2.51,,,,,,,,,,
Jason Vargas,P,8044,1.29,1.19,2.48,,,,,,,,,,
Willy Garcia,RF,12956,1.83,.64,2.47,,,,,,,,,,
Jeremy Hellickson,P,4371,1.45,1.00,2.45,,,,,,,,,,
Erik Gonzalez,2B,13369,1.37,1.08,2.44,,,,,,,,,,
Michael Wacha,P,14078,1.37,1.06,2.43,,,,,,,,,,
Clint Frazier,LF,15983,1.52,.91,2.43,,,,,,,,,,
Luis Perdomo,P,14682,1.09,1.31,2.41,,,,,,,,,,
Ty Blach,P,14361,1.28,1.13,2.40,,,,,,,,,,
Luis Severino,P,15890,.84,1.56,2.40,,,,,,,,,,
Brett Phillips,CF,14735,1.83,.56,2.39,,,,,,,,,,
Masahiro Tanaka,P,15764,1.21,1.19,2.39,,,,,,,,,,
Joe Musgrove,P,12970,1.25,1.13,2.37,,,,,,,,,,
Jim Adduci,RF,6448,2.01,.35,2.37,,,,,,,,,,
Christian Colon,2B,11145,1.40,.96,2.36,,,,,,,,,,
Gio Gonzalez,P,7448,1.15,1.19,2.34,,,,,,,,,,
Jordan Luplow,LF,16424,1.44,.89,2.32,,,,,,,,,,
Arismendy Alcantara,CF,10711,.28,2.02,2.30,,,,,,,,,,
Garrett Cooper,1B,15279,.78,1.51,2.28,,,,,,,,,,
Jesse Winker,RF,13590,1.45,.83,2.28,,,,,,,,,,
Adam Rosales,SS,9682,4.53,-2.25,2.28,,,,,,,,,,
Jose Urena,P,11589,.96,1.31,2.27,,,,,,,,,,
Bartolo Colon,P,375,.77,1.50,2.27,,,,,,,,,,
Chris Sale,P,10603,1.21,1.06,2.27,,,,,,,,,,
Rymer Liriano,LF,4779,1.12,1.14,2.26,,,,,,,,,,
Dustin Garneau,CA,9433,1.78,.48,2.26,,,,,,,,,,
Pedro Florimon,CF,8385,.95,1.30,2.25,,,,,,,,,,
Alex Cobb,P,6562,.93,1.31,2.24,,,,,,,,,,
Trevor Williams,P,16977,.80,1.44,2.24,,,,,,,,,,
Jaime Garcia,P,8137,.73,1.50,2.23,,,,,,,,,,
Rhys Hoskins,LF,16472,3.07,-.84,2.23,,,,,,,,,,
Mike Montgomery,P,4869,1.10,1.13,2.23,,,,,,,,,,
Jacob deGrom,P,10954,.97,1.25,2.22,,,,,,,,,,
Dallas Keuchel,P,9434,.34,1.88,2.21,,,,,,,,,,
Antonio Senzatela,P,15488,1.07,1.13,2.20,,,,,,,,,,
Victor Caratini,CA,14968,1.30,.88,2.18,,,,,,,,,,
Mychal Givens,P,10430,.93,1.25,2.18,,,,,,,,,,
Jeremy Hazelbaker,LF,9399,.77,1.41,2.17,,,,,,,,,,
Stephen Drew,3B,4251,1.28,.85,2.13,,,,,,,,,,
Chad Kuhl,P,14975,1.19,.94,2.13,,,,,,,,,,
Scott Feldman,P,6283,1.43,.69,2.12,,,,,,,,,,
Josh Phegley,CA,9308,1.49,.60,2.09,,,,,,,,,,
Rey Fuentes,CF,10329,1.48,.57,2.06,,,,,,,,,,
Luis Castillo,P,15689,1.06,1.00,2.06,,,,,,,,,,
Geovany Soto,CA,3707,.95,1.11,2.05,,,,,,,,,,
Andrew Cashner,P,8782,.99,1.06,2.05,,,,,,,,,,
Chris Owings,SS,10030,3.68,-1.64,2.04,,,,,,,,,,
Justin Ruggiano,RF,7620,1.11,.91,2.02,,,,,,,,,,
Corey Kluber,P,2429,1.02,1.00,2.02,,,,,,,,,,
Kyle Freeland,P,16256,.58,1.44,2.02,,,,,,,,,,
Brad Peacock,P,5401,.82,1.19,2.01,,,,,,,,,,
Phillip Evans,3B,12950,.67,1.32,1.99,,,,,,,,,,
Shane Robinson,RF,4249,.95,1.03,1.98,,,,,,,,,,
Carson Kelly,CA,13620,1.42,.54,1.96,,,,,,,,,,
Trevor Cahill,P,6249,.89,1.06,1.96,,,,,,,,,,
Wilmer Flores,3B,5827,3.32,-1.38,1.94,,,,,,,,,,
Jonathan Villar,2B,10071,3.77,-1.83,1.94,,,,,,,,,,
Mike Zunino,CA,13265,5.39,-3.48,1.91,,,,,,,,,,
Sonny Gray,P,12768,.79,1.13,1.91,,,,,,,,,,
Dusty Coleman,SS,8979,1.07,.82,1.89,,,,,,,,,,
Jose Quintana,P,11423,.89,1.00,1.89,,,,,,,,,,
Hanley Ramirez,1B,8001,.92,.96,1.89,,,,,,,,,,
Jae-Gyun Hwang,3B,19369,.76,1.06,1.82,,,,,,,,,,
Cesar Puello,LF,7216,.72,1.10,1.81,,,,,,,,,,
Ervin Santana,P,3200,.99,.81,1.81,,,,,,,,,,
Matt Cain,P,4732,.99,.81,1.80,,,,,,,,,,
Jameson Taillon,P,11674,.97,.81,1.78,,,,,,,,,,
Jhonny Peralta,3B,1738,.67,1.10,1.77,,,,,,,,,,
Luke Voit,1B,14811,1.63,.14,1.76,,,,,,,,,,
Tanner Roark,P,8753,.98,.75,1.73,,,,,,,,,,
Chris Herrmann,LF,9284,.77,.94,1.71,,,,,,,,,,
Yovani Gallardo,P,8173,1.02,.69,1.71,,,,,,,,,,
Franklin Gutierrez,LF,3255,.56,1.14,1.69,,,,,,,,,,
Marco Estrada,P,1118,.62,1.06,1.68,,,,,,,,,,
Yu Darvish,P,13074,.80,.88,1.68,,,,,,,,,,
Tim Adleman,P,10968,1.16,.50,1.66,,,,,,,,,,
Ryder Jones,1B,15982,1.95,-.29,1.66,,,,,,,,,,
Mike Pelfrey,P,5203,.77,.88,1.65,,,,,,,,,,
Nick Franklin,2B,10166,1.66,-.01,1.65,,,,,,,,,,
Carlos Carrasco,P,6632,.83,.81,1.64,,,,,,,,,,
Lewis Brinson,CF,14352,.78,.86,1.64,,,,,,,,,,
Kevin Gausman,P,14107,.82,.81,1.63,,,,,,,,,,
Stephen Cardullo,LF,11204,.53,1.10,1.62,,,,,,,,,,
Aledmys Diaz,SS,15937,3.72,-2.10,1.62,,,,,,,,,,
Will Middlebrooks,3B,7002,.75,.86,1.61,,,,,,,,,,
Jeimer Candelario,3B,13621,1.69,-.09,1.59,,,,,,,,,,
Zack Godley,P,14862,.46,1.13,1.59,,,,,,,,,,
Johnny Cueto,P,6893,.90,.69,1.58,,,,,,,,,,
Dan Straily,P,9460,.82,.75,1.57,,,,,,,,,,
Michael Saunders,RF,9981,3.82,-2.26,1.57,,,,,,,,,,
Kendall Graveman,P,15514,.62,.94,1.56,,,,,,,,,,
Tomas Telis,1B,10067,.98,.58,1.56,,,,,,,,,,
Austin Romine,1B,5491,.76,.80,1.56,,,,,,,,,,
Brent Suter,P,13942,.54,1.00,1.54,,,,,,,,,,
Tyler Smith,SS,12490,.57,.95,1.52,,,,,,,,,,
Blake Snell,P,13543,.77,.75,1.52,,,,,,,,,,
Rafael Bautista,RF,15769,.39,1.13,1.51,,,,,,,,,,
Jason Motte,P,5861,.82,.69,1.51,,,,,,,,,,
Miguel Gonzalez,P,7024,.82,.69,1.51,,,,,,,,,,
Alex Claudio,P,12890,.62,.88,1.50,,,,,,,,,,
CC Sabathia,P,404,.55,.94,1.49,,,,,,,,,,
Sal Romano,P,13690,.80,.69,1.49,,,,,,,,,,
Sam Travis,1B,16263,.53,.96,1.49,,,,,,,,,,
Clayton Kershaw,P,2036,.61,.88,1.49,,,,,,,,,,
Brandon Kintzler,P,9939,.76,.69,1.45,,,,,,,,,,
Luke Gregerson,P,4090,.69,.75,1.44,,,,,,,,,,
Martin Perez,P,6902,.49,.94,1.43,,,,,,,,,,
Lance McCullers,P,14120,.42,1.00,1.42,,,,,,,,,,
T.J. McFarland,P,3237,.73,.69,1.41,,,,,,,,,,
Chris Rusin,P,9895,.66,.75,1.41,,,,,,,,,,
Chase Anderson,P,6895,.77,.63,1.40,,,,,,,,,,
Richard Bleier,P,7803,.58,.81,1.40,,,,,,,,,,
Yandy Diaz,3B,16578,1.31,.08,1.40,,,,,,,,,,
Jerad Eickhoff,P,12664,.71,.69,1.39,,,,,,,,,,
Warwick Saupold,P,13211,.82,.56,1.38,,,,,,,,,,
Carlos Beltran,LF,589,.47,.91,1.38,,,,,,,,,,
Taijuan Walker,P,11836,.25,1.13,1.37,,,,,,,,,,
Lance Lynn,P,2520,.56,.81,1.37,,,,,,,,,,
Michael Pineda,P,5372,.56,.81,1.37,,,,,,,,,,
Jared Hughes,P,9325,.37,1.00,1.37,,,,,,,,,,
Stephen Strasburg,P,10131,.74,.63,1.36,,,,,,,,,,
Peter Moylan,P,4891,.49,.88,1.36,,,,,,,,,,
Adrian Sanchez,2B,11338,1.34,.02,1.36,,,,,,,,,,
Victor Robles,RF,18363,.59,.77,1.36,,,,,,,,,,
Michael Lorenzen,P,14843,.92,.44,1.36,,,,,,,,,,
German Marquez,P,15038,.41,.94,1.35,,,,,,,,,,
Ryan McMahon,1B,15112,.45,.90,1.34,,,,,,,,,,
Justin Verlander,P,8700,.71,.63,1.33,,,,,,,,,,
Daniel Gossett,P,16164,.83,.50,1.33,,,,,,,,,,
Vance Worley,P,6435,.64,.69,1.33,,,,,,,,,,
Eric Fryer,CA,8145,.74,.58,1.33,,,,,,,,,,
Brandon McCarthy,P,4662,.63,.69,1.32,,,,,,,,,,
Anthony Santander,RF,14551,.56,.75,1.31,,,,,,,,,,
Josh Tomlin,P,9388,.62,.69,1.31,,,,,,,,,,
Curt Casali,CA,12510,.98,.32,1.30,,,,,,,,,,
Edinson Volquez,P,3990,.67,.63,1.29,,,,,,,,,,
Tyler Naquin,CF,13359,.47,.81,1.28,,,,,,,,,,
J.A. Happ,P,7410,.28,1.00,1.28,,,,,,,,,,
Chris Marrero,LF,2852,.60,.68,1.28,,,,,,,,,,
Joe Smith,P,3281,.59,.69,1.28,,,,,,,,,,
Brad Ziegler,P,7293,.65,.63,1.28,,,,,,,,,,
Jeff Hoffman,P,17432,.65,.63,1.28,,,,,,,,,,
Jeremy Jeffress,P,9490,.64,.63,1.27,,,,,,,,,,
Jimmy Nelson,P,10547,.58,.69,1.26,,,,,,,,,,
Jharel Cotton,P,13654,.76,.50,1.26,,,,,,,,,,
James Shields,P,7059,.69,.56,1.25,,,,,,,,,,
Tony Watson,P,3132,.62,.63,1.25,,,,,,,,,,
Matt Moore,P,1890,.24,1.00,1.24,,,,,,,,,,
Jose Berrios,P,14168,.61,.63,1.24,,,,,,,,,,
Michael Fulmer,P,13218,.55,.69,1.24,,,,,,,,,,
Jason Hammel,P,4538,.60,.63,1.23,,,,,,,,,,
Rick Porcello,P,2717,.35,.88,1.23,,,,,,,,,,
Felipe Rivero,P,12076,.47,.75,1.22,,,,,,,,,,
Craig Stammen,P,7274,.40,.81,1.22,,,,,,,,,,
Mark Leiter,P,15551,.78,.44,1.21,,,,,,,,,,
Jacob May,CF,14876,.75,.46,1.20,,,,,,,,,,
Matt Bowman,P,13528,.51,.69,1.20,,,,,,,,,,
Dylan Bundy,P,12917,.43,.75,1.18,,,,,,,,,,
Matt Harvey,P,11713,.43,.75,1.18,,,,,,,,,,
Efren Navarro,1B,9854,1.02,.16,1.18,,,,,,,,,,
Luke Weaver,P,16918,.68,.50,1.18,,,,,,,,,,
Alex Colome,P,6661,.61,.56,1.18,,,,,,,,,,
Wandy Peralta,P,14295,.61,.56,1.18,,,,,,,,,,
Edwin Encarnacion,1B,2151,1.07,.11,1.17,,,,,,,,,,
Joe Biagini,P,13194,.36,.81,1.17,,,,,,,,,,
Erasmo Ramirez,P,10314,.48,.69,1.17,,,,,,,,,,
Jesse Chavez,P,5448,.60,.56,1.17,,,,,,,,,,
Matt Reynolds,3B,13788,1.81,-.66,1.15,,,,,,,,,,
Sean Manaea,P,15873,.51,.63,1.13,,,,,,,,,,
Adam Conley,P,14457,.51,.63,1.13,,,,,,,,,,
Kirk Nieuwenhuis,CF,6400,.32,.81,1.13,,,,,,,,,,
Danny Duffy,P,3542,.69,.44,1.13,,,,,,,,,,
Brian Duensing,P,4064,.75,.38,1.12,,,,,,,,,,
Odrisamer Despaigne,P,16017,.62,.50,1.12,,,,,,,,,,
Raisel Iglesias,P,17130,.56,.56,1.12,,,,,,,,,,
Matt Kemp,LF,5631,6.45,-5.33,1.12,,,,,,,,,,
Rafael Montero,P,12760,.68,.44,1.12,,,,,,,,,,
Wade Miley,P,8779,.42,.69,1.11,,,,,,,,,,
Mike Foltynewicz,P,10811,.55,.56,1.11,,,,,,,,,,
Brett Cecil,P,2660,.36,.75,1.11,,,,,,,,,,
Zach Eflin,P,13774,.47,.63,1.10,,,,,,,,,,
Cory Gearrin,P,7947,.60,.50,1.10,,,,,,,,,,
Homer Bailey,P,8362,.53,.56,1.09,,,,,,,,,,
Ross Stripling,P,13273,.40,.69,1.08,,,,,,,,,,
Rob Refsnyder,2B,13770,.82,.27,1.08,,,,,,,,,,
Seth Lugo,P,12447,.64,.44,1.08,,,,,,,,,,
Steven Brault,P,15291,.52,.56,1.08,,,,,,,,,,
Brett Anderson,P,8223,.33,.75,1.08,,,,,,,,,,
Brad Brach,P,6627,.63,.44,1.07,,,,,,,,,,
Blake Wood,P,1345,.69,.38,1.07,,,,,,,,,,
Doug Fister,P,9425,.50,.56,1.06,,,,,,,,,,
Zack Wheeler,P,10310,.50,.56,1.06,,,,,,,,,,
Carl Edwards Jr.,P,13607,.62,.44,1.06,,,,,,,,,,
Ian Happ,CF,17919,5.41,-4.35,1.06,,,,,,,,,,
Trevor Bauer,P,12703,.55,.50,1.05,,,,,,,,,,
Drew Stubbs,CF,9328,.44,.61,1.05,,,,,,,,,,
Ryan Hanigan,CA,4952,1.78,-.74,1.04,,,,,,,,,,
Daniel Norris,P,13475,.67,.38,1.04,,,,,,,,,,
Pedro Strop,P,4070,.35,.69,1.04,,,,,,,,,,
Robert Gsellman,P,13696,.04,1.00,1.04,,,,,,,,,,
Ubaldo Jimenez,P,3374,.54,.50,1.04,,,,,,,,,,
Kelvin Herrera,P,6033,.47,.56,1.03,,,,,,,,,,
Luis Garcia,P,6984,.47,.56,1.03,,,,,,,,,,
Miguel Castro,P,15684,.47,.56,1.03,,,,,,,,,,
Steven Matz,P,13361,.28,.75,1.03,,,,,,,,,,
Brandon Woodruff,P,16162,.53,.50,1.03,,,,,,,,,,
Wade LeBlanc,P,5221,.53,.50,1.03,,,,,,,,,,
Austin Bibens-Dirkx,P,9559,.59,.44,1.02,,,,,,,,,,
Eddie Butler,P,13453,.71,.31,1.02,,,,,,,,,,
Chris Devenski,P,12763,.77,.25,1.02,,,,,,,,,,
Chad Bettis,P,10587,.51,.50,1.01,,,,,,,,,,
Hyun-Jin Ryu,P,14444,.38,.63,1.00,,,,,,,,,,
Alejandro De Aza,LF,3371,.52,.48,1.00,,,,,,,,,,
Brett Eibner,CF,11369,.38,.62,1.00,,,,,,,,,,
Joakim Soria,P,6941,.75,.25,1.00,,,,,,,,,,
Tony Kemp,LF,14894,.54,.45,.99,,,,,,,,,,
Greg Allen,CF,16623,.80,.19,.99,,,,,,,,,,
Sean Newcomb,P,16943,.37,.63,.99,,,,,,,,,,
Tyler Duffey,P,13758,.30,.69,.99,,,,,,,,,,
Kevin McCarthy,P,15240,.55,.44,.99,,,,,,,,,,
Adam Warren,P,9029,.42,.56,.99,,,,,,,,,,
Mike Clevinger,P,12808,.29,.69,.98,,,,,,,,,,
Dan Otero,P,7385,.35,.63,.97,,,,,,,,,,
Eduardo Rodriguez,P,13164,.40,.56,.96,,,,,,,,,,
Andre Ethier,LF,6265,.05,.91,.96,,,,,,,,,,
Max Scherzer,P,3137,.51,.44,.95,,,,,,,,,,
Kenta Maeda,P,18498,.32,.63,.95,,,,,,,,,,
Dillon Peters,P,18790,.39,.56,.95,,,,,,,,,,
Matt den Dekker,LF,11385,.26,.68,.94,,,,,,,,,,
Blake Treinen,P,12572,.31,.63,.94,,,,,,,,,,
Francisco Liriano,P,3201,.43,.50,.93,,,,,,,,,,
Will Harris,P,3192,.56,.38,.93,,,,,,,,,,
Jake Faria,P,13699,.49,.44,.93,,,,,,,,,,
Chris Flexen,P,13896,.48,.44,.92,,,,,,,,,,
Tommy Milone,P,7608,.48,.44,.92,,,,,,,,,,
JC Ramirez,P,8302,.42,.50,.92,,,,,,,,,,
Matt Belisle,P,1837,.54,.38,.91,,,,,,,,,,
Oliver Drake,P,8823,.66,.25,.91,,,,,,,,,,
Tyler Anderson,P,12880,.22,.69,.91,,,,,,,,,,
Madison Bumgarner,P,5524,.47,.44,.91,,,,,,,,,,
Cole Hamels,P,4972,.28,.63,.90,,,,,,,,,,
Hector Santiago,P,4026,.46,.44,.90,,,,,,,,,,
Jorge de la Rosa,P,2047,.46,.44,.90,,,,,,,,,,
Wade Davis,P,7441,.40,.50,.90,,,,,,,,,,
Dylan Covey,P,14825,.45,.44,.89,,,,,,,,,,
Emilio Bonifacio,LF,4054,.43,.46,.89,,,,,,,,,,
Darren O'Day,P,3321,.26,.63,.89,,,,,,,,,,
Hoby Milner,P,13346,.44,.44,.88,,,,,,,,,,
Daniel Hudson,P,7146,.31,.56,.87,,,,,,,,,,
Dan Jennings,P,8073,.43,.44,.87,,,,,,,,,,
Mark Melancon,P,4264,.43,.44,.87,,,,,,,,,,
Dustin McGowan,P,8600,.24,.63,.87,,,,,,,,,,
Nick Martinez,P,12730,.30,.56,.87,,,,,,,,,,
Jose Alvarez,P,5358,.49,.38,.87,,,,,,,,,,
Mike Fiers,P,7754,.48,.38,.85,,,,,,,,,,
Dinelson Lamet,P,17186,.22,.63,.84,,,,,,,,,,
Sam Dyson,P,11710,.40,.44,.83,,,,,,,,,,
Matt Barnes,P,12863,.45,.38,.83,,,,,,,,,,
Tony Sipp,P,8280,.45,.38,.83,,,,,,,,,,
Ricky Nolasco,P,3830,.39,.44,.83,,,,,,,,,,
Chad Bell,P,10297,.39,.44,.82,,,,,,,,,,
Gabriel Ynoa,P,12938,.51,.31,.82,,,,,,,,,,
Randall Delgado,P,5985,.63,.19,.82,,,,,,,,,,
Tyler Austin,1B,11850,.36,.45,.81,,,,,,,,,,
Jon Gray,P,14916,.37,.44,.81,,,,,,,,,,
Anthony Alford,LF,14329,.16,.64,.80,,,,,,,,,,
Al Alburquerque,P,6324,.36,.44,.80,,,,,,,,,,
Scott Oberg,P,13911,.36,.44,.80,,,,,,,,,,
Ben Lively,P,14932,.29,.50,.79,,,,,,,,,,
James Pazos,P,13323,.42,.38,.79,,,,,,,,,,
Chris Archer,P,6345,.35,.44,.79,,,,,,,,,,
Travis Wood,P,9884,.35,.44,.79,,,,,,,,,,
Matt Andriese,P,12022,.47,.31,.79,,,,,,,,,,
Nolan Fontana,2B,13267,.43,.36,.79,,,,,,,,,,
Paul Blackburn,P,14739,.35,.44,.79,,,,,,,,,,
Roberto Osuna,P,13764,.35,.44,.79,,,,,,,,,,
Christian Bergman,P,10925,.41,.38,.78,,,,,,,,,,
Jim Johnson,P,3656,.34,.44,.78,,,,,,,,,,
Chris Bostick,2B,13718,.45,.32,.77,,,,,,,,,,
Hunter Strickland,P,7836,.33,.44,.77,,,,,,,,,,
Chris Gimenez,LF,7324,.47,.29,.76,,,,,,,,,,
David Freitas,CA,10619,.64,.12,.76,,,,,,,,,,
Bronson Arroyo,P,978,.51,.25,.76,,,,,,,,,,
Craig Kimbrel,P,6655,.51,.25,.76,,,,,,,,,,
George Kontos,P,9486,.32,.44,.76,,,,,,,,,,
Wei-Yin Chen,P,13071,.44,.31,.76,,,,,,,,,,
Koda Glover,P,17695,.31,.44,.75,,,,,,,,,,
Carlos Torres,P,7624,.25,.50,.75,,,,,,,,,,
Zach McAllister,P,2895,.56,.19,.75,,,,,,,,,,
Alex Wood,P,13781,-.19,.94,.74,,,,,,,,,,
Justin Grimm,P,11720,.43,.31,.74,,,,,,,,,,
Juan Nicasio,P,7731,.24,.50,.74,,,,,,,,,,
Jhan Marinez,P,5830,.42,.31,.73,,,,,,,,,,
Joe Ross,P,12972,.35,.38,.72,,,,,,,,,,
Chris Beck,P,13418,.28,.44,.72,,,,,,,,,,
Pat Valaika,SS,14885,2.20,-1.48,.72,,,,,,,,,,
Daniel Mengden,P,16980,.41,.31,.72,,,,,,,,,,
Jesse Hahn,P,13287,.08,.63,.71,,,,,,,,,,
Robinson Chirinos,CA,3142,.60,.10,.70,,,,,,,,,,
Ryan Raburn,LF,2218,.89,-.19,.70,,,,,,,,,,
Dellin Betances,P,6216,.39,.31,.70,,,,,,,,,,
Matt Boyd,P,15440,.20,.50,.70,,,,,,,,,,
Jose A Ramirez,P,10171,.32,.38,.70,,,,,,,,,,
Sam Freeman,P,6832,.32,.38,.70,,,,,,,,,,
Seung Hwan Oh,P,18719,.32,.38,.70,,,,,,,,,,
Carlos Martinez,P,11682,.00,.69,.69,,,,,,,,,,
Luis Cessa,P,13345,.38,.31,.69,,,,,,,,,,
Magneuris Sierra,LF,17023,-.09,.78,.69,,,,,,,,,,
Cody Allen,P,12183,.31,.38,.69,,,,,,,,,,
Austin Barnes,2B,12158,.32,.36,.68,,,,,,,,,,
Donnie Hart,P,15306,.37,.31,.68,,,,,,,,,,
Samuel Tuivailala,P,13485,.37,.31,.68,,,,,,,,,,
Charlie Culberson,SS,3298,.33,.34,.68,,,,,,,,,,
Ryan Pressly,P,7005,.43,.25,.68,,,,,,,,,,
Carlos Moncrief,RF,7511,.51,.15,.67,,,,,,,,,,
Andrew Moore,P,17553,.42,.25,.67,,,,,,,,,,
Archie Bradley,P,12918,.23,.44,.66,,,,,,,,,,
Andrew Chafin,P,12988,.47,.19,.66,,,,,,,,,,
Chris Stratton,P,13761,.28,.38,.66,,,,,,,,,,
Dominic Leone,P,13763,.27,.38,.65,,,,,,,,,,
Sammy Solis,P,11457,.27,.38,.65,,,,,,,,,,
Tony Barnette,P,3555,.40,.25,.65,,,,,,,,,,
Travis Taijeron,RF,11935,.53,.12,.65,,,,,,,,,,
Ryan Tepera,P,10291,.21,.44,.64,,,,,,,,,,
Brandon Maurer,P,4878,.33,.31,.64,,,,,,,,,,
Pat Neshek,P,4682,.45,.19,.64,,,,,,,,,,
Derek Holland,P,4141,.08,.56,.64,,,,,,,,,,
Mike Minor,P,10021,.39,.25,.64,,,,,,,,,,
Jordan Lyles,P,7593,.32,.31,.63,,,,,,,,,,
Tyler Pill,P,12751,.32,.31,.63,,,,,,,,,,
Victor Caratini,1B,14968,.28,.35,.63,,,,,,,,,,
Alex Meyer,P,12833,.31,.31,.62,,,,,,,,,,
Dillon Gee,P,7396,.31,.31,.62,,,,,,,,,,
Jacob Hannemann,CF,15644,.21,.41,.62,,,,,,,,,,
Alec Asher,P,13560,.37,.25,.62,,,,,,,,,,
Jordan Zimmermann,P,4505,.30,.31,.62,,,,,,,,,,
Brandon Moss,1B,4467,.61,.00,.61,,,,,,,,,,
Brad Boxberger,P,10133,.43,.19,.61,,,,,,,,,,
Carlos Rodon,P,16137,.36,.25,.61,,,,,,,,,,
Fernando Salas,P,4971,.36,.25,.61,,,,,,,,,,
James Paxton,P,11828,.42,.19,.60,,,,,,,,,,
Chris Hatcher,P,3299,.23,.38,.60,,,,,,,,,,
Fernando Abad,P,4994,.23,.38,.60,,,,,,,,,,
Justin Nicolino,P,11754,.16,.44,.60,,,,,,,,,,
Amir Garrett,P,14375,.09,.50,.59,,,,,,,,,,
Francis Martes,P,17303,.34,.25,.59,,,,,,,,,,
Garrett Richards,P,9784,.34,.25,.59,,,,,,,,,,
Tyson Ross,P,7872,.27,.31,.59,,,,,,,,,,
Adam Morgan,P,12580,.27,.31,.59,,,,,,,,,,
O'Koyea Dickson,LF,12677,.13,.46,.58,,,,,,,,,,
Nick Vincent,P,7555,.40,.19,.58,,,,,,,,,,
Christian Arroyo,3B,16434,2.16,-1.58,.58,,,,,,,,,,
Nick Wittgren,P,15594,.33,.25,.58,,,,,,,,,,
Hector Rondon,P,2391,.39,.19,.58,,,,,,,,,,
Tyler Mahle,P,16358,.26,.31,.58,,,,,,,,,,
Jake Odorizzi,P,6397,.20,.38,.57,,,,,,,,,,
Felix Hernandez,P,4772,.20,.38,.57,,,,,,,,,,
Tyler Glasnow,P,14374,.20,.38,.57,,,,,,,,,,
Austin Pruitt,P,15290,.26,.31,.57,,,,,,,,,,
David Price,P,3184,.26,.31,.57,,,,,,,,,,
Nick Pivetta,P,15454,.19,.38,.56,,,,,,,,,,
Kevin Siegrist,P,8180,.31,.25,.56,,,,,,,,,,
Liam Hendriks,P,3548,.25,.31,.56,,,,,,,,,,
Mark Zagunis,RF,16565,.18,.38,.55,,,,,,,,,,
Andrew Albers,P,7853,.24,.31,.55,,,,,,,,,,
Brad Hand,P,9111,.24,.31,.55,,,,,,,,,,
Chase Bradford,P,12452,.24,.31,.55,,,,,,,,,,
Henderson Alvarez,P,5669,.24,.31,.55,,,,,,,,,,
Noah Syndergaard,P,11762,.24,.31,.55,,,,,,,,,,
Sergio Romo,P,9817,.24,.31,.55,,,,,,,,,,
Kyle Barraclough,P,13713,.42,.13,.54,,,,,,,,,,
Hector Neris,P,11804,.23,.31,.54,,,,,,,,,,
Scott Van Slyke,LF,4365,.43,.11,.54,,,,,,,,,,
David Hernandez,P,4259,.35,.19,.54,,,,,,,,,,
Jered Weaver,P,4235,.23,.31,.54,,,,,,,,,,
Drew Storen,P,6983,.28,.25,.53,,,,,,,,,,
Felix Pena,P,13403,.28,.25,.53,,,,,,,,,,
Rich Hill,P,4806,.22,.31,.53,,,,,,,,,,
Chase Whitley,P,10982,.34,.19,.53,,,,,,,,,,
Luke Jackson,P,11752,.34,.19,.53,,,,,,,,,,
Matt Garza,P,3340,.09,.44,.52,,,,,,,,,,
Daniel Coulombe,P,13293,.21,.31,.52,,,,,,,,,,
Dan Vogelbach,1B,14130,.19,.33,.52,,,,,,,,,,
Vince Velasquez,P,11189,.14,.38,.52,,,,,,,,,,
Eduardo Paredes,P,16344,.32,.19,.51,,,,,,,,,,
Bryan Shaw,P,8110,.07,.44,.50,,,,,,,,,,
Joely Rodriguez,P,11487,.07,.44,.50,,,,,,,,,,
Kevin Shackelford,P,11012,.31,.19,.50,,,,,,,,,,
Jarlin Garcia,P,18282,.31,.19,.50,,,,,,,,,,
Johnny Barbato,P,11440,.25,.25,.50,,,,,,,,,,
Justin Wilson,P,4301,.25,.25,.50,,,,,,,,,,
Keynan Middleton,P,15264,.25,.25,.50,,,,,,,,,,
Pedro Baez,P,5420,.25,.25,.50,,,,,,,,,,
Ryan LaMarre,CF,10700,.09,.41,.49,,,,,,,,,,
Addison Reed,P,10586,.30,.19,.49,,,,,,,,,,
Dan Altavilla,P,16507,.30,.19,.49,,,,,,,,,,
Josh Fields,P,5070,.30,.19,.49,,,,,,,,,,
A.J. Griffin,P,11132,.24,.25,.49,,,,,,,,,,
Cesar Valdez,P,9013,.24,.25,.49,,,,,,,,,,
Joaquin Benoit,P,1437,.24,.25,.49,,,,,,,,,,
John Brebbia,P,12777,.24,.25,.49,,,,,,,,,,
Matt Albers,P,4300,.24,.25,.49,,,,,,,,,,
Nathan Karns,P,12638,.05,.44,.48,,,,,,,,,,
Jose Leclerc,P,14524,.29,.19,.48,,,,,,,,,,
Phil Maton,P,18064,.29,.19,.48,,,,,,,,,,
Albert Suarez,P,6175,.35,.13,.48,,,,,,,,,,
David Phelps,P,6316,.35,.13,.48,,,,,,,,,,
Lane Adams,LF,10767,1.44,-.97,.47,,,,,,,,,,
Robbie Ray,P,11486,.16,.31,.47,,,,,,,,,,
Matt Wisler,P,12804,.28,.19,.47,,,,,,,,,,
Trevor Hildenberger,P,17002,.28,.19,.47,,,,,,,,,,
Luiz Gohara,P,15166,.09,.38,.47,,,,,,,,,,
Matt Grace,P,11449,.09,.38,.47,,,,,,,,,,
Tim Federowicz,CA,8609,.34,.13,.47,,,,,,,,,,
A.J. Cole,P,11467,.33,.13,.46,,,,,,,,,,
Andrew Heaney,P,15423,.33,.13,.46,,,,,,,,,,
Matt Shoemaker,P,4776,.14,.31,.45,,,,,,,,,,
Brian Johnson,P,14272,.20,.25,.45,,,,,,,,,,
Chasen Shreve,P,10855,.20,.25,.45,,,,,,,,,,
Jason Grilli,P,521,.20,.25,.45,,,,,,,,,,
John Axford,P,9059,.20,.25,.45,,,,,,,,,,
Kevin Quackenbush,P,12360,.20,.25,.45,,,,,,,,,,
Casey Lawrence,P,11121,.26,.19,.44,,,,,,,,,,
Danny Barnes,P,11388,.26,.19,.44,,,,,,,,,,
Dovydas Neverauskas,P,11604,.26,.19,.44,,,,,,,,,,
Gregory Infante,P,9119,.26,.19,.44,,,,,,,,,,
Joe Blanton,P,4849,.26,.19,.44,,,,,,,,,,
Jarred Cosart,P,10304,.19,.25,.44,,,,,,,,,,
Juan Minaya,P,10341,.31,.13,.44,,,,,,,,,,
Koji Uehara,P,9227,.19,.25,.44,,,,,,,,,,
David Holmberg,P,7725,.12,.31,.44,,,,,,,,,,
Jackson Stephens,P,14420,.37,.06,.43,,,,,,,,,,
Josh Smoker,P,10285,.25,.19,.43,,,,,,,,,,
Ryan Garton,P,14016,.25,.19,.43,,,,,,,,,,
Matt Bush,P,1246,.18,.25,.43,,,,,,,,,,
Neil Ramirez,P,7677,.30,.13,.43,,,,,,,,,,
Ken Giles,P,12910,.11,.31,.43,,,,,,,,,,
Josh Collmenter,P,7312,.24,.19,.42,,,,,,,,,,
Nick Tepesch,P,11716,.24,.19,.42,,,,,,,,,,
Taylor Rogers,P,13449,.24,.19,.42,,,,,,,,,,
Tony Cingrani,P,12555,.24,.19,.42,,,,,,,,,,
Jakob Junis,P,13619,.17,.25,.42,,,,,,,,,,
Sam Gaviglio,P,12778,.23,.19,.42,,,,,,,,,,
Scott Alexander,P,10591,.04,.38,.41,,,,,,,,,,
Jeanmar Gomez,P,9033,.23,.19,.41,,,,,,,,,,
Chris M Smith,P,4544,.16,.25,.41,,,,,,,,,,
Trevor Rosenthal,P,10745,.16,.25,.41,,,,,,,,,,
Chris O'Grady,P,13818,.28,.13,.41,,,,,,,,,,
Jacob Barnes,P,12323,-.22,.63,.41,,,,,,,,,,
Rob Zastryzny,P,15094,.15,.25,.40,,,,,,,,,,
Jesen Therrien,P,15853,.21,.19,.40,,,,,,,,,,
Jose Alvarado,P,17780,.21,.19,.40,,,,,,,,,,
Josh Osich,P,11528,.21,.19,.40,,,,,,,,,,
Mike Wright,P,12586,.21,.19,.40,,,,,,,,,,
Silvino Bracho,P,15051,.21,.19,.40,,,,,,,,,,
Myles Jaye,P,11769,.27,.13,.39,,,,,,,,,,
Zach Vincej,SS,13269,.17,.22,.39,,,,,,,,,,
Danny Salazar,P,5867,.08,.31,.39,,,,,,,,,,
Miguel Diaz,P,18815,.08,.31,.39,,,,,,,,,,
John Gant,P,13684,.20,.19,.39,,,,,,,,,,
Josh Edgin,P,10796,.20,.19,.39,,,,,,,,,,
Robby Scott,P,13042,.20,.19,.39,,,,,,,,,,
Greg Holland,P,7196,.19,.19,.38,,,,,,,,,,
Jordan Montgomery,P,16511,.07,.31,.38,,,,,,,,,,
Willson Contreras,1B,11609,-.21,.58,.37,,,,,,,,,,
Ryan Buchter,P,9456,.25,.13,.37,,,,,,,,,,
Chris Tillman,P,5279,.18,.19,.37,,,,,,,,,,
Danny Farquhar,P,8501,.06,.31,.37,,,,,,,,,,
Jose Torres,P,14957,.18,.19,.37,,,,,,,,,,
Alex Verdugo,CF,17027,.14,.23,.36,,,,,,,,,,
Zach Britton,P,3240,.11,.25,.36,,,,,,,,,,
Aaron Sanchez,P,11490,.04,.31,.35,,,,,,,,,,
Chad Green,P,15552,.16,.19,.35,,,,,,,,,,
Eric O'Flaherty,P,5746,.16,.19,.35,,,,,,,,,,
Jack Flaherty,P,17479,.16,.19,.35,,,,,,,,,,
Jake Petricka,P,10534,.16,.19,.35,,,,,,,,,,
Josh Ravin,P,2951,.16,.19,.35,,,,,,,,,,
Brandon Morrow,P,9346,.22,.13,.34,,,,,,,,,,
Brian Ellington,P,17233,.22,.13,.34,,,,,,,,,,
Jimmy Yacabonis,P,15157,.22,.13,.34,,,,,,,,,,
Buddy Boshers,P,8490,.15,.19,.34,,,,,,,,,,
Drew VerHagen,P,13424,.15,.19,.34,,,,,,,,,,
Oliver Perez,P,1514,.15,.19,.34,,,,,,,,,,
Jake Thompson,P,14371,.28,.06,.34,,,,,,,,,,
Mitch Garver,LF,15161,-.11,.45,.34,,,,,,,,,,
Mike Marjama,CA,12594,.30,.04,.34,,,,,,,,,,
Jacob Turner,P,10185,.21,.13,.33,,,,,,,,,,
Josh Hader,P,14212,.21,.13,.33,,,,,,,,,,
Phil Hughes,P,7450,.21,.13,.33,,,,,,,,,,
Ryan Dull,P,13974,.21,.13,.33,,,,,,,,,,
Drew Pomeranz,P,11426,-.42,.75,.33,,,,,,,,,,
Christian Villanueva,3B,11738,.54,-.21,.33,,,,,,,,,,
Lisalverto Bonilla,P,11266,.27,.06,.33,,,,,,,,,,
A.J. Ramos,P,8350,.08,.25,.33,,,,,,,,,,
Kyle Crick,P,13182,.13,.19,.32,,,,,,,,,,
Brock Stassi,1B,12244,1.16,-.84,.32,,,,,,,,,,
Pete Kozma,3B,2539,-.04,.36,.32,,,,,,,,,,
Paul Sewald,P,13892,.07,.25,.32,,,,,,,,,,
Micah Johnson,LF,13809,.09,.23,.31,,,,,,,,,,
Adam Wilk,P,8421,.31,.00,.31,,,,,,,,,,
Santiago Casilla,P,2873,.12,.19,.31,,,,,,,,,,
Yusmeiro Petit,P,4020,.18,.13,.31,,,,,,,,,,
Tyler Olson,P,14741,.11,.19,.30,,,,,,,,,,
John Ryan Murphy,CA,10346,.21,.09,.30,,,,,,,,,,
A.J. Schugel,P,11432,.17,.13,.30,,,,,,,,,,
Barrett Astin,P,14812,.17,.13,.30,,,,,,,,,,
Blake Parker,P,5224,.17,.13,.30,,,,,,,,,,
Chase De Jong,P,15036,.17,.13,.30,,,,,,,,,,
Hector Velazquez,P,19341,.17,.13,.30,,,,,,,,,,
Josh Smith,P,10946,.17,.13,.30,,,,,,,,,,
Ryan Sherriff,P,12249,.17,.13,.30,,,,,,,,,,
Steve Selsky,CF,12957,.09,.20,.29,,,,,,,,,,
Parker Bridwell,P,11502,.11,.19,.29,,,,,,,,,,
Kyle Higashioka,CA,5517,.07,.23,.29,,,,,,,,,,
Andrew Miller,P,6785,.23,.06,.29,,,,,,,,,,
Austin Brice,P,17237,.23,.06,.29,,,,,,,,,,
Kenley Jansen,P,3096,.23,.06,.29,,,,,,,,,,
Blaine Hardy,P,6499,.16,.13,.29,,,,,,,,,,
Brandon Workman,P,11428,.16,.13,.29,,,,,,,,,,
Casey Fien,P,3926,.16,.13,.29,,,,,,,,,,
Cody Reed,P,15232,.16,.13,.29,,,,,,,,,,
Ryan Madson,P,1852,.16,.13,.29,,,,,,,,,,
Tony Zych,P,12876,.16,.13,.29,,,,,,,,,,
Erik Goeddel,P,11712,.22,.06,.28,,,,,,,,,,
Hansel Robles,P,11801,.22,.06,.28,,,,,,,,,,
Heath Hembree,P,11632,.03,.25,.28,,,,,,,,,,
Jack Reinheimer,SS,14938,.05,.22,.27,,,,,,,,,,
Tony Wolters,2B,11470,.15,.12,.27,,,,,,,,,,
Derek Law,P,13133,.21,.06,.27,,,,,,,,,,
David Robertson,P,8241,.14,.13,.27,,,,,,,,,,
Aaron Bummer,P,16258,.02,.25,.27,,,,,,,,,,
Collin McHugh,P,7531,.08,.19,.26,,,,,,,,,,
Chad Huffman,RF,5311,.07,.19,.26,,,,,,,,,,
Angel Sanchez,P,11776,.12,.13,.25,,,,,,,,,,
Carlos Estevez,P,14542,.12,.13,.25,,,,,,,,,,
Dayan Diaz,P,11543,.12,.13,.25,,,,,,,,,,
John Curtiss,P,16128,.12,.13,.25,,,,,,,,,,
Matt Strahm,P,13799,.12,.13,.25,,,,,,,,,,
Paolo Espino,P,8246,.12,.13,.25,,,,,,,,,,
Reynaldo Lopez,P,16400,.12,.13,.25,,,,,,,,,,
Rob Scahill,P,9286,.12,.13,.25,,,,,,,,,,
Ryan Merritt,P,13688,.12,.13,.25,,,,,,,,,,
Sean Doolittle,P,1581,.12,.13,.25,,,,,,,,,,
Shawn Armstrong,P,12857,.12,.13,.25,,,,,,,,,,
Shelby Miller,P,10197,.12,.13,.25,,,,,,,,,,
Tommy Layne,P,7501,.12,.13,.25,,,,,,,,,,
A.J. Jimenez,CA,7077,.21,.04,.24,,,,,,,,,,
Mat Latos,P,3815,.18,.06,.24,,,,,,,,,,
Tommy Kahnle,P,11384,.18,.06,.24,,,,,,,,,,
Anthony Banda,P,14706,.11,.13,.24,,,,,,,,,,
Brock Stewart,P,16727,.11,.13,.24,,,,,,,,,,
Buck Farmer,P,14814,.11,.13,.24,,,,,,,,,,
Jacob Rhame,P,15267,.11,.13,.24,,,,,,,,,,
Jonathan Broxton,P,4759,.11,.13,.24,,,,,,,,,,
Jumbo Diaz,P,3397,.11,.13,.24,,,,,,,,,,
Michael Brady,P,8461,.11,.13,.24,,,,,,,,,,
Michael Ynoa,P,14093,.11,.13,.24,,,,,,,,,,
Miguel Socolovich,P,6697,.11,.13,.24,,,,,,,,,,
Rex Brothers,P,9794,.11,.13,.24,,,,,,,,,,
Neftali Feliz,P,18,.17,.06,.23,,,,,,,,,,
Jonathan Holder,P,16588,.17,.06,.23,,,,,,,,,,
Junichi Tazawa,P,4079,.17,.06,.23,,,,,,,,,,
Tom Wilhelmsen,P,9975,.04,.19,.23,,,,,,,,,,
Anthony Swarzak,P,7466,.16,.06,.22,,,,,,,,,,
Aroldis Chapman,P,10233,.16,.06,.22,,,,,,,,,,
Jake McGee,P,7550,.16,.06,.22,,,,,,,,,,
Zach Duke,P,3840,.22,.00,.22,,,,,,,,,,
Edwin Diaz,P,14710,-.04,.25,.21,,,,,,,,,,
Ariel Hernandez,P,15603,.08,.13,.20,,,,,,,,,,
Brad Goldberg,P,14776,.08,.13,.20,,,,,,,,,,
Chad Qualls,P,2170,.08,.13,.20,,,,,,,,,,
Chris Smith,P,14449,.08,.13,.20,,,,,,,,,,
Craig Breslow,P,4363,.08,.13,.20,,,,,,,,,,
Felix Jorge,P,14532,.08,.13,.20,,,,,,,,,,
Huston Street,P,8258,.08,.13,.20,,,,,,,,,,
Jairo Labourt,P,14996,.08,.13,.20,,,,,,,,,,
Jeff Locke,P,2929,.08,.13,.20,,,,,,,,,,
Kirby Yates,P,9073,.08,.13,.20,,,,,,,,,,
Kyle Kendrick,P,6230,.08,.13,.20,,,,,,,,,,
Mike Dunn,P,9948,.08,.13,.20,,,,,,,,,,
Nate Jones,P,4696,.08,.13,.20,,,,,,,,,,
Troy Scribner,P,15570,.08,.13,.20,,,,,,,,,,
Zac Curtis,P,16684,.08,.13,.20,,,,,,,,,,
Daniel Stumpf,P,13780,.01,.19,.20,,,,,,,,,,
Max Fried,P,13743,-.12,.31,.20,,,,,,,,,,
Deolis Guerra,P,8410,.13,.06,.20,,,,,,,,,,
Walker Buehler,P,19374,.13,.06,.20,,,,,,,,,,
Wily Peralta,P,7738,.13,.06,.20,,,,,,,,,,
Yohander Mendez,P,14391,.13,.06,.20,,,,,,,,,,
Adam Ottavino,P,1247,-.18,.38,.19,,,,,,,,,,
Chris Volstad,P,9901,.12,.06,.19,,,,,,,,,,
Drew Steckenrider,P,18806,.12,.06,.19,,,,,,,,,,
Hisashi Iwakuma,P,13048,.12,.06,.19,,,,,,,,,,
Tyler Skaggs,P,10190,.12,.06,.19,,,,,,,,,,
Grant Green,2B,10053,.06,.12,.18,,,,,,,,,,
Steve Lombardozzi,2B,5422,.18,.00,.18,,,,,,,,,,
Asher Wojciechowski,P,10836,.11,.06,.17,,,,,,,,,,
Bruce Rondon,P,5766,.10,.06,.16,,,,,,,,,,
Glen Perkins,P,8041,.10,.06,.16,,,,,,,,,,
Pedro Severino,CA,14523,.34,-.18,.16,,,,,,,,,,
Andrew Triggs,P,13533,-.04,.19,.15,,,,,,,,,,
Marc Rzepczynski,P,6612,-.04,.19,.15,,,,,,,,,,
Rob Brantly,P,10655,.09,.06,.15,,,,,,,,,,
Andrew Kittredge,P,12828,.09,.06,.15,,,,,,,,,,
Austin Maddox,P,14241,.09,.06,.15,,,,,,,,,,
Ben Heller,P,15100,.09,.06,.15,,,,,,,,,,
David Paulino,P,17418,.09,.06,.15,,,,,,,,,,
Dylan Floro,P,13394,.09,.06,.15,,,,,,,,,,
Frankie Montas,P,14309,.09,.06,.15,,,,,,,,,,
J.P. Howell,P,8245,.09,.06,.15,,,,,,,,,,
Jairo Diaz,P,12774,.09,.06,.15,,,,,,,,,,
James Hoyt,P,14605,.09,.06,.15,,,,,,,,,,
Jamie Callahan,P,14711,.09,.06,.15,,,,,,,,,,
Jeff Ferrell,P,11506,.09,.06,.15,,,,,,,,,,
Joe Jimenez,P,15761,.09,.06,.15,,,,,,,,,,
Josh Lucas,P,11686,.09,.06,.15,,,,,,,,,,
Justin Haley,P,13572,.09,.06,.15,,,,,,,,,,
Ronald Herrera,P,15688,.09,.06,.15,,,,,,,,,,
Ryan Weber,P,10160,.09,.06,.15,,,,,,,,,,
Ryne Stanek,P,15947,.09,.06,.15,,,,,,,,,,
Zac Reininger,P,15285,.09,.06,.15,,,,,,,,,,
Ji-Man Choi,1B,5452,-.11,.26,.15,,,,,,,,,,
Matt Dermody,P,14844,.14,.00,.14,,,,,,,,,,
Adam Kolarek,P,10843,.08,.06,.14,,,,,,,,,,
Ashur Tolliver,P,10044,.08,.06,.14,,,,,,,,,,
Daniel Winkler,P,12237,.08,.06,.14,,,,,,,,,,
Dillon Overton,P,15627,.08,.06,.14,,,,,,,,,,
Eric Skoglund,P,16155,.08,.06,.14,,,,,,,,,,
Erick Fedde,P,17425,.08,.06,.14,,,,,,,,,,
Evan Scribner,P,7525,.08,.06,.14,,,,,,,,,,
Jeff Beliveau,P,8504,.08,.06,.14,,,,,,,,,,
Jordan Jankowski,P,13313,.08,.06,.14,,,,,,,,,,
Josh Lindblom,P,7882,.08,.06,.14,,,,,,,,,,
Logan Verrett,P,12905,.08,.06,.14,,,,,,,,,,
Nik Turley,P,5530,.08,.06,.14,,,,,,,,,,
Steven Okert,P,13580,.08,.06,.14,,,,,,,,,,
Tyler Wilson,P,12691,.08,.06,.14,,,,,,,,,,
Mark Trumbo,RF,6876,1.36,-1.22,.14,,,,,,,,,,
Matt Holliday,1B,1873,.07,.07,.14,,,,,,,,,,
Brandon Finnegan,P,16208,.13,.00,.13,,,,,,,,,,
Francisco Rodriguez,P,1642,.13,.00,.13,,,,,,,,,,
Kevin Plawecki,1B,13807,.13,.00,.13,,,,,,,,,,
Rookie Davis,P,14962,.07,.06,.13,,,,,,,,,,
Joe Kelly,P,9761,.00,.13,.13,,,,,,,,,,
Daniel Wright,P,15179,.12,.00,.12,,,,,,,,,,
Caleb Joseph,3B,7087,.08,.05,.12,,,,,,,,,,
Quintin Berry,LF,9414,.11,.00,.11,,,,,,,,,,
Pedro Alvarez,1B,2495,.11,.00,.11,,,,,,,,,,
Nick Gardewine,P,16513,.05,.06,.11,,,,,,,,,,
Luis Sardinas,3B,13153,.42,-.31,.11,,,,,,,,,,
Ian Parmley,RF,13821,.11,.00,.11,,,,,,,,,,
Carlos Ruiz,P,2579,.04,.06,.10,,,,,,,,,,
Caleb Smith,P,14875,.04,.06,.10,,,,,,,,,,
Cam Bedrosian,P,13360,.04,.06,.10,,,,,,,,,,
Carson Smith,P,13172,.04,.06,.10,,,,,,,,,,
Carter Capps,P,12803,.04,.06,.10,,,,,,,,,,
Chih-Wei Hu,P,16419,.04,.06,.10,,,,,,,,,,
Dario Alvarez,P,14239,.04,.06,.10,,,,,,,,,,
Diego Moreno,P,6238,.04,.06,.10,,,,,,,,,,
Drew Rucinski,P,12499,.04,.06,.10,,,,,,,,,,
Fernando Rodney,P,494,.04,.06,.10,,,,,,,,,,
Jandel Gustave,P,14665,.04,.06,.10,,,,,,,,,,
Keone Kela,P,14696,.04,.06,.10,,,,,,,,,,
Keury Mella,P,15964,.04,.06,.10,,,,,,,,,,
Kyle Lloyd,P,15378,.04,.06,.10,,,,,,,,,,
Luis Santos,P,15006,.04,.06,.10,,,,,,,,,,
Michael Blazek,P,9654,.04,.06,.10,,,,,,,,,,
Onelki Garcia,P,13674,.04,.06,.10,,,,,,,,,,
Robbie Ross Jr.,P,6819,.04,.06,.10,,,,,,,,,,
Roberto Gomez,P,12963,.04,.06,.10,,,,,,,,,,
Rubby de la Rosa,P,3862,.04,.06,.10,,,,,,,,,,
Sam Moll,P,14874,.04,.06,.10,,,,,,,,,,
Seth Maness,P,12235,.04,.06,.10,,,,,,,,,,
Tim Mayza,P,15042,.04,.06,.10,,,,,,,,,,
Victor Alcantara,P,15028,.04,.06,.10,,,,,,,,,,
Victor Arano,P,15915,.04,.06,.10,,,,,,,,,,
Wei-Chung Wang,P,14382,.04,.06,.10,,,,,,,,,,
Zac Rosscup,P,9419,.10,.00,.10,,,,,,,,,,
Conor Gillaspie,3B,9009,1.24,-1.14,.09,,,,,,,,,,
Darrell Ceciliani,LF,9954,.09,.00,.09,,,,,,,,,,
Buddy Baumann,P,9309,.09,.00,.09,,,,,,,,,,
Edgar Santana,P,17355,.09,.00,.09,,,,,,,,,,
Javy Guerra,P,7407,.09,.00,.09,,,,,,,,,,
Renato Nunez,LF,14503,.08,.00,.08,,,,,,,,,,
Miguel Andujar,3B,15878,.08,.00,.08,,,,,,,,,,
Enny Romero,P,4001,.08,.00,.08,,,,,,,,,,
Kyle McGrath,P,16793,.08,.00,.08,,,,,,,,,,
A.J. Reed,1B,16246,.07,.00,.07,,,,,,,,,,
Rene Rivera,1B,3648,.07,.00,.07,,,,,,,,,,
Ryan Lavarnway,CA,8879,-.12,.18,.06,,,,,,,,,,
Ty Kelly,2B,7740,1.17,-1.11,.06,,,,,,,,,,
Billy Burns,CF,12701,.06,.00,.06,,,,,,,,,,
Francisco Mejia,CA,16403,.00,.05,.05,,,,,,,,,,
Brett Nicholas,P,11192,.05,.00,.05,,,,,,,,,,
A.J. Minter,P,18655,.05,.00,.05,,,,,,,,,,
Aaron Wilkerson,P,16904,.05,.00,.05,,,,,,,,,,
Alex Wimmers,P,11394,.05,.00,.05,,,,,,,,,,
Arcenio Leon,P,8846,.05,.00,.05,,,,,,,,,,
Austin Adams,P,13801,.05,.00,.05,,,,,,,,,,
Blaine Boyer,P,2237,.05,.00,.05,,,,,,,,,,
Bobby Wahl,P,14832,.05,.00,.05,,,,,,,,,,
Boone Logan,P,5525,.05,.00,.05,,,,,,,,,,
Chris Heston,P,10302,.05,.00,.05,,,,,,,,,,
Gabriel Moya,P,16348,.05,.00,.05,,,,,,,,,,
Grant Dayton,P,11203,.05,.00,.05,,,,,,,,,,
Jason Hursh,P,14914,.05,.00,.05,,,,,,,,,,
Jimmie Sherfy,P,15118,.05,.00,.05,,,,,,,,,,
Jose De Leon,P,15463,.05,.00,.05,,,,,,,,,,
Leonel Campos,P,12277,.05,.00,.05,,,,,,,,,,
Lucas Harrell,P,7541,.05,.00,.05,,,,,,,,,,
Luke Farrell,P,15101,.05,.00,.05,,,,,,,,,,
Mike Hauschild,P,14033,.05,.00,.05,,,,,,,,,,
Mike Mayers,P,15451,.05,.00,.05,,,,,,,,,,
Ricardo Rodriguez,P,15458,.05,.00,.05,,,,,,,,,,
Richard Rodriguez,P,13549,.05,.00,.05,,,,,,,,,,
Stefan Crichton,P,16058,.05,.00,.05,,,,,,,,,,
Tanner Scheppers,P,10267,.05,.00,.05,,,,,,,,,,
Taylor Williams,P,14899,.05,.00,.05,,,,,,,,,,
Thyago Vieira,P,14510,.05,.00,.05,,,,,,,,,,
Tim Melville,P,9149,.05,.00,.05,,,,,,,,,,
Zach Neal,P,11294,.05,.00,.05,,,,,,,,,,
Michael Martinez,2B,7358,.57,-.53,.04,,,,,,,,,,
Tim Locastro,LF,15124,.04,.00,.04,,,,,,,,,,
Aaron Blair,P,14934,.04,.00,.04,,,,,,,,,,
Aaron Slegers,P,15231,.04,.00,.04,,,,,,,,,,
Carson Fulmer,P,18311,.04,.00,.04,,,,,,,,,,
Chris Rowley,P,18820,.04,.00,.04,,,,,,,,,,
Emilio Pagan,P,14771,.04,.00,.04,,,,,,,,,,
Giovanny Gallegos,P,14986,.04,.00,.04,,,,,,,,,,
Hunter Cervenka,P,10510,.04,.00,.04,,,,,,,,,,
Mike Bolsinger,P,11137,.04,.00,.04,,,,,,,,,,
Gary Sanchez,1B,11442,.03,.00,.03,,,,,,,,,,
Eduardo Escobar,CA,6153,.00,.03,.03,,,,,,,,,,
Kyle Farmer,CA,14813,.00,.02,.02,,,,,,,,,,
Kyle Schwarber,CA,16478,.00,.02,.02,,,,,,,,,,
Jonathan Lucroy,1B,7870,.02,.00,.02,,,,,,,,,,
Yadier Molina,1B,7007,.02,.00,.02,,,,,,,,,,
Travis d'Arnaud,2B,7739,.01,.00,.01,,,,,,,,,,
Evan Gattis,1B,11003,.01,.00,.01,,,,,,,,,,
Miguel Montero,1B,3364,.01,.00,.01,,,,,,,,,,
Corey Knebel,P,15010,-.19,.19,.00,,,,,,,,,,
Lucas Giolito,P,15474,-.19,.19,.00,,,,,,,,,,
Andrew Knapp,1B,14942,.00,.00,.00,,,,,,,,,,
Bryan Holaday,2B,11287,.00,.00,.00,,,,,,,,,,
Chad Wallach,1B,17161,.00,.00,.00,,,,,,,,,,
Chris Iannetta,3B,8267,.00,.00,.00,,,,,,,,,,
Christian Vazquez,3B,9774,.00,.00,.00,,,,,,,,,,
Jesus Sucre,P,5942,.00,.00,.00,,,,,,,,,,
Raffy Lopez,3B,12606,.00,.00,.00,,,,,,,,,,
Tim Federowicz,1B,8609,.00,.00,.00,,,,,,,,,,
Tuffy Gosewisch,1B,5277,.00,.00,.00,,,,,,,,,,
Adam Liberatore,P,10637,.00,.00,.00,,,,,,,,,,
Akeel Morris,P,12185,.00,.00,.00,,,,,,,,,,
Alejandro Chacin,P,13530,.00,.00,.00,,,,,,,,,,
Andres Machado,P,14681,.00,.00,.00,,,,,,,,,,
Andrew Bailey,P,1368,.00,.00,.00,,,,,,,,,,
Anthony Bass,P,7982,.00,.00,.00,,,,,,,,,,
Antonio Bastardo,P,8844,.00,.00,.00,,,,,,,,,,
Artie Lewicki,P,16731,.00,.00,.00,,,,,,,,,,
Ben Taylor,P,18114,.00,.00,.00,,,,,,,,,,
Braden Shipley,P,15158,.00,.00,.00,,,,,,,,,,
Brian Flynn,P,12027,.00,.00,.00,,,,,,,,,,
Brooks Pounders,P,10387,.00,.00,.00,,,,,,,,,,
Carlos Ramirez,P,11743,.00,.00,.00,,,,,,,,,,
Chaz Roe,P,9866,.00,.00,.00,,,,,,,,,,
Chris R Young,P,3196,.00,.00,.00,,,,,,,,,,
Christian Bethancourt,2B,10028,.00,.00,.00,,,,,,,,,,
Clay Buchholz,P,3543,.00,.00,.00,,,,,,,,,,
Cody Martin,P,12182,.00,.00,.00,,,,,,,,,,
Damien Magnifico,P,13395,.00,.00,.00,,,,,,,,,,
Dan Runzler,P,4080,.00,.00,.00,,,,,,,,,,
Dan Slania,P,15639,.00,.00,.00,,,,,,,,,,
David Goforth,P,12166,.00,.00,.00,,,,,,,,,,
David Washington,RF,12110,.00,.00,.00,,,,,,,,,,
Dillon Maples,P,14672,.00,.00,.00,,,,,,,,,,
Drew Anderson,P,15130,.00,.00,.00,,,,,,,,,,
Dustin Fowler,RF,17098,.00,.00,.00,,,,,,,,,,
Edward Mujica,P,3970,.00,.00,.00,,,,,,,,,,
Edward Paredes,P,4168,.00,.00,.00,,,,,,,,,,
Ernesto Frieri,P,5178,.00,.00,.00,,,,,,,,,,
Evan Marshall,P,12297,.00,.00,.00,,,,,,,,,,
Fabio Castillo,P,2826,.00,.00,.00,,,,,,,,,,
Glenn Sparkman,P,15200,.00,.00,.00,,,,,,,,,,
Hunter Wood,P,15091,.00,.00,.00,,,,,,,,,,
Jace Fry,P,16159,.00,.00,.00,,,,,,,,,,
Jack Leathersich,P,12562,.00,.00,.00,,,,,,,,,,
Jake Diekman,P,5003,.00,.00,.00,,,,,,,,,,
Jake Esch,P,12756,.00,.00,.00,,,,,,,,,,
Jason Gurka,P,8007,.00,.00,.00,,,,,,,,,,
Jason Wheeler,P,13128,.00,.00,.00,,,,,,,,,,
Jeremy Guthrie,P,2072,.00,.00,.00,,,,,,,,,,
Jorge Lopez,P,14527,.00,.00,.00,,,,,,,,,,
Jose Ruiz,P,14552,.00,.00,.00,,,,,,,,,,
Justin Marks,P,10265,.00,.00,.00,,,,,,,,,,
Kevin McGowan,P,15215,.00,.00,.00,,,,,,,,,,
Kyle Crockett,P,15033,.00,.00,.00,,,,,,,,,,
Kyle Martin,P,14860,.00,.00,.00,,,,,,,,,,
Kyle Ryan,P,11753,.00,.00,.00,,,,,,,,,,
Matt Koch,P,13420,.00,.00,.00,,,,,,,,,,
Max Povse,P,16165,.00,.00,.00,,,,,,,,,,
Michael Tonkin,P,10315,.00,.00,.00,,,,,,,,,,
Miguel Almonte,P,14139,.00,.00,.00,,,,,,,,,,
Mike Morin,P,13442,.00,.00,.00,,,,,,,,,,
Pedro Beato,P,1330,.00,.00,.00,,,,,,,,,,
Pierce Johnson,P,13435,.00,.00,.00,,,,,,,,,,
Preston Claiborne,P,10500,.00,.00,.00,,,,,,,,,,
Randy Rosario,P,14508,.00,.00,.00,,,,,,,,,,
Reyes Moronta,P,14966,.00,.00,.00,,,,,,,,,,
Reymin Guduan,P,13058,.00,.00,.00,,,,,,,,,,
Rob Whalen,P,14165,.00,.00,.00,,,,,,,,,,
Roenis Elias,P,12673,.00,.00,.00,,,,,,,,,,
Sean Gilmartin,P,12781,.00,.00,.00,,,,,,,,,,
Seth Frankoff,P,11346,.00,.00,.00,,,,,,,,,,
Shane Carle,P,15258,.00,.00,.00,,,,,,,,,,
T.J. House,P,9121,.00,.00,.00,,,,,,,,,,
Tanner Scott,P,17586,.00,.00,.00,,,,,,,,,,
Taylor Cole,P,11964,.00,.00,.00,,,,,,,,,,
Taylor Jungmann,P,13119,.00,.00,.00,,,,,,,,,,
Trevor Gott,P,15046,.00,.00,.00,,,,,,,,,,
Tyler Cloyd,P,8536,.00,.00,.00,,,,,,,,,,
Tyler Danish,P,15126,.00,.00,.00,,,,,,,,,,
Tyler Webb,P,14974,.00,.00,.00,,,,,,,,,,
Vidal Nuno,P,9674,.00,.00,.00,,,,,,,,,,
William Cuevas,P,13331,.00,.00,.00,,,,,,,,,,
Wilmer Font,P,5257,.00,.00,.00,,,,,,,,,,
Yacksel Rios,P,15007,.00,.00,.00,,,,,,,,,,
Yadiel Rivera,3B,11863,.00,.00,.00,,,,,,,,,,
Zach Putnam,P,9080,.00,.00,.00,,,,,,,,,,
Blake Swihart,CA,13176,-.26,.26,.00,,,,,,,,,,
Ian Krol,P,10066,-.45,.44,-.01,,,,,,,,,,
Jerry Blevins,P,7841,-.27,.25,-.02,,,,,,,,,,
Alex Wilson,P,9239,-.33,.31,-.02,,,,,,,,,,
Jeurys Familia,P,5114,-.23,.19,-.04,,,,,,,,,,
Luis Avilan,P,2882,-.19,.13,-.06,,,,,,,,,,
Tyler Lyons,P,11334,-.19,.13,-.06,,,,,,,,,,
Teoscar Hernandez,LF,13066,1.33,-1.42,-.09,,,,,,,,,,
Hector Sanchez,1B,10289,-.14,.00,-.14,,,,,,,,,,
Jefry Marte,1B,5107,1.82,-2.01,-.19,,,,,,,,,,
Deck McGuire,P,11596,-.38,.19,-.19,,,,,,,,,,
Aaron Hill,2B,6104,.55,-.74,-.19,,,,,,,,,,
Max Stassi,CA,10059,-.42,.22,-.20,,,,,,,,,,
Matt Wieters,CA,4298,3.39,-3.62,-.23,,,,,,,,,,
Junior Guerra,P,5702,-.37,.13,-.25,,,,,,,,,,
J.J. Hoover,P,9037,-.38,.13,-.25,,,,,,,,,,
Marco Gonzales,P,15467,-.38,.13,-.25,,,,,,,,,,
Cody Asche,1B,11997,.13,-.39,-.26,,,,,,,,,,
Drew Butera,1B,3411,.12,-.38,-.26,,,,,,,,,,
Aaron Loup,P,10343,-.64,.38,-.27,,,,,,,,,,
Gordon Beckham,2B,9015,.48,-.76,-.28,,,,,,,,,,
Taylor Davis,3B,12782,.11,-.39,-.28,,,,,,,,,,
Franklin Barreto,2B,15519,.72,-1.00,-.28,,,,,,,,,,
Tzu-Wei Lin,SS,14678,.91,-1.19,-.29,,,,,,,,,,
Nick Goody,P,13685,-.42,.13,-.29,,,,,,,,,,
Carlos Perez,CA,10642,.54,-.85,-.31,,,,,,,,,,
Edwin Jackson,P,1841,-.79,.44,-.35,,,,,,,,,,
Max Stassi,1B,10059,.01,-.38,-.37,,,,,,,,,,
Chad Wallach,CA,17161,-.49,.12,-.37,,,,,,,,,,
Jake Buchanan,P,10962,-.57,.19,-.38,,,,,,,,,,
Martin Maldonado,1B,6887,.00,-.38,-.38,,,,,,,,,,
Jake Smolinski,CF,5408,.65,-1.04,-.39,,,,,,,,,,
Raudy Read,CA,15766,-.26,-.15,-.41,,,,,,,,,,
Tuffy Gosewisch,CA,5277,.08,-.49,-.41,,,,,,,,,,
Phillip Ervin,CF,14738,.67,-1.09,-.42,,,,,,,,,,
Bryan Holaday,CA,11287,-.56,.13,-.43,,,,,,,,,,
Erik Kratz,CA,4403,.00,-.44,-.44,,,,,,,,,,
Charlie Morton,P,4676,-.81,.38,-.44,,,,,,,,,,
Bryan Morris,P,10234,-.53,.06,-.46,,,,,,,,,,
Daniel Descalso,2B,8392,3.24,-3.70,-.46,,,,,,,,,,
Derek Norris,CA,6867,-2.01,1.53,-.47,,,,,,,,,,
Taylor Featherston,2B,12590,.34,-.84,-.50,,,,,,,,,,
Ian Kennedy,P,6986,-.90,.38,-.52,,,,,,,,,,
J.T. Realmuto,1B,11739,.61,-1.14,-.53,,,,,,,,,,
Cam Perkins,LF,13444,1.45,-1.99,-.53,,,,,,,,,,
Cristhian Adames,SS,6013,.05,-.59,-.54,,,,,,,,,,
Tyler Wade,2B,15730,-1.03,.48,-.55,,,,,,,,,,
Miguel Gomez,2B,17075,.26,-.81,-.55,,,,,,,,,,
Danny Ortiz,RF,10317,-.75,.20,-.55,,,,,,,,,,
Joey Wendle,2B,13853,.25,-.81,-.56,,,,,,,,,,
Rob Segedin,1B,11446,.20,-.76,-.56,,,,,,,,,,
Rickie Weeks Jr.,1B,1849,.57,-1.14,-.57,,,,,,,,,,
Steven Wright,P,8185,-.64,.06,-.57,,,,,,,,,,
Niko Goodrum,2B,12092,.23,-.81,-.58,,,,,,,,,,
Alex Avila,1B,7476,.55,-1.14,-.59,,,,,,,,,,
Luke Sims,P,13470,-.71,.13,-.59,,,,,,,,,,
Alan Busenitz,P,15239,-.72,.13,-.59,,,,,,,,,,
Michael Feliz,P,11903,-.72,.13,-.59,,,,,,,,,,
Sandy Alcantara,P,18684,-.72,.13,-.59,,,,,,,,,,
Jorge Alfaro,1B,12180,.16,-.76,-.60,,,,,,,,,,
Ariel Miranda,P,17526,-.98,.38,-.60,,,,,,,,,,
Jose Valdez,P,14470,-.68,.06,-.61,,,,,,,,,,
Domingo German,P,17149,-.64,.00,-.64,,,,,,,,,,
Jake Barrett,P,13322,-.64,.00,-.64,,,,,,,,,,
Nelson Cruz,RF,2434,.25,-.89,-.64,,,,,,,,,,
Terrance Gore,LF,13658,.09,-.73,-.64,,,,,,,,,,
Francisco Pena,CA,8298,-.79,.14,-.65,,,,,,,,,,
Simon Castro,P,9243,-.72,.06,-.65,,,,,,,,,,
Xavier Cedeno,P,36,-.72,.06,-.65,,,,,,,,,,
Kyle Farmer,1B,14813,.11,-.77,-.66,,,,,,,,,,
Cheslor Cuthbert,3B,10473,1.48,-2.17,-.69,,,,,,,,,,
Raul Mondesi,2B,13769,1.12,-1.82,-.70,,,,,,,,,,
Dixon Machado,SS,11472,3.09,-3.79,-.70,,,,,,,,,,
A.J. Ellis,CA,5677,4.52,-5.23,-.71,,,,,,,,,,
Ricardo Pinto,P,16318,-.72,.00,-.72,,,,,,,,,,
Kendrys Morales,1B,8610,.42,-1.14,-.72,,,,,,,,,,
Raimel Tapia,RF,14350,1.52,-2.24,-.72,,,,,,,,,,
Daniel Roger Robertson,LF,6266,1.34,-2.07,-.73,,,,,,,,,,
Bud Norris,P,9492,-1.01,.25,-.76,,,,,,,,,,
Alex Mejia,3B,13877,1.04,-1.81,-.76,,,,,,,,,,
Mike Moustakas,3B,4892,7.72,-8.49,-.77,,,,,,,,,,
Marco Hernandez,2B,13154,-1.81,1.01,-.80,,,,,,,,,,
Raul Alcantara,P,12790,-.87,.06,-.80,,,,,,,,,,
Kaleb Cowart,2B,11494,2.26,-3.07,-.81,,,,,,,,,,
Russell Martin,3B,4616,.75,-1.56,-.81,,,,,,,,,,
Kristopher Negron,SS,5306,.36,-1.20,-.83,,,,,,,,,,
Tyler Clippard,P,5640,-1.09,.25,-.84,,,,,,,,,,
Andrew Romine,CA,1159,-.79,-.05,-.84,,,,,,,,,,
Michael Morse,1B,3035,.34,-1.19,-.85,,,,,,,,,,
Cory Mazzoni,P,12537,-.87,.00,-.87,,,,,,,,,,
Omar Narvaez,1B,13338,-.92,.00,-.92,,,,,,,,,,
Travis d'Arnaud,CA,7739,4.61,-5.56,-.95,,,,,,,,,,
Arodys Vizcaino,P,5498,-1.24,.25,-.99,,,,,,,,,,
Shane Greene,P,10756,-1.24,.25,-.99,,,,,,,,,,
Dietrich Enns,P,13932,-1.02,.00,-1.02,,,,,,,,,,
Jayson Aquino,P,13150,-1.02,.00,-1.02,,,,,,,,,,
Jean Machi,P,3220,-1.02,.00,-1.02,,,,,,,,,,
Jen-Ho Tseng,P,15524,-1.02,.00,-1.02,,,,,,,,,,
Noe Ramirez,P,12800,-1.02,.00,-1.02,,,,,,,,,,
Shae Simmons,P,14200,-1.02,.00,-1.02,,,,,,,,,,
Shawn Kelley,P,7773,-1.02,.00,-1.02,,,,,,,,,,
Zach Lee,P,11468,-1.02,.00,-1.02,,,,,,,,,,
Edubray Ramos,P,16086,-1.24,.19,-1.05,,,,,,,,,,
Anibal Sanchez,P,3284,-1.39,.31,-1.08,,,,,,,,,,
Willie Calhoun,LF,17838,.34,-1.46,-1.12,,,,,,,,,,
Colin Moran,SS,16909,-.80,-.34,-1.13,,,,,,,,,,
Orlando Calixte,SS,11905,.18,-1.34,-1.15,,,,,,,,,,
Tom Koehler,P,6570,-1.35,.13,-1.23,,,,,,,,,,
Tommy Hunter,P,1157,-1.35,.13,-1.23,,,,,,,,,,
Cam Gallagher,CA,12981,-1.39,.16,-1.23,,,,,,,,,,
Jorge Soler,RF,14221,1.47,-2.75,-1.28,,,,,,,,,,
Giovanny Urshela,3B,10681,2.52,-3.83,-1.30,,,,,,,,,,
Robert Stephenson,P,13594,-1.54,.19,-1.35,,,,,,,,,,
Taylor Davis,CA,12782,-.60,-.76,-1.36,,,,,,,,,,
Kelby Tomlinson,3B,13005,2.31,-3.77,-1.46,,,,,,,,,,
Breyvic Valera,2B,12758,.10,-1.62,-1.52,,,,,,,,,,
Johnny Giavotella,2B,6740,.10,-1.62,-1.52,,,,,,,,,,
Jett Bandy,CA,12508,2.00,-3.54,-1.55,,,,,,,,,,
Stephen Vogt,LF,5000,.09,-1.64,-1.55,,,,,,,,,,
Christian Walker,1B,13419,-.81,-.76,-1.57,,,,,,,,,,
Ramon Flores,RF,11165,.21,-1.78,-1.57,,,,,,,,,,
Andrew Susac,CA,13132,-.79,-.80,-1.59,,,,,,,,,,
Steve Cishek,P,6483,-1.92,.31,-1.61,,,,,,,,,,
Brian Anderson,3B,18289,1.13,-2.79,-1.66,,,,,,,,,,
Mike Aviles,SS,5986,1.88,-3.84,-1.96,,,,,,,,,,
Albert Pujols,1B,1177,-1.61,-.38,-1.99,,,,,,,,,,
Ildemaro Vargas,2B,13324,-.79,-1.20,-1.99,,,,,,,,,,
Chase d'Arnaud,3B,6652,.28,-2.29,-2.00,,,,,,,,,,
Dwight Smith,LF,13473,.11,-2.17,-2.05,,,,,,,,,,
John Hicks,CA,12547,.79,-2.86,-2.07,,,,,,,,,,
Tomas Telis,CA,10067,-2.22,.14,-2.07,,,,,,,,,,
Elias Diaz,CA,11680,5.38,-7.48,-2.09,,,,,,,,,,
Chris B Young,LF,3882,2.77,-4.92,-2.15,,,,,,,,,,
Jose Lobaton,CA,4243,.30,-2.48,-2.18,,,,,,,,,,
Chris Coghlan,LF,6878,.50,-2.74,-2.23,,,,,,,,,,
Mitch Garver,CA,15161,.04,-2.44,-2.40,,,,,,,,,,
Richard Urena,SS,16411,1.18,-3.64,-2.46,,,,,,,,,,
Chance Sisco,CA,15694,-1.46,-1.00,-2.46,,,,,,,,,,
Trayce Thompson,CF,9952,-.96,-1.50,-2.46,,,,,,,,,,
Adalberto Mejia,P,13188,-2.78,.31,-2.47,,,,,,,,,,
Rob Brantly,CA,10655,.00,-2.51,-2.51,,,,,,,,,,
Adam Eaton,CF,11205,1.89,-4.43,-2.54,,,,,,,,,,
Jaff Decker,CF,7945,.75,-3.32,-2.57,,,,,,,,,,
Drew Robinson,3B,11761,2.02,-4.59,-2.57,,,,,,,,,,
Tomas Nido,CA,13755,-.30,-2.32,-2.62,,,,,,,,,,
Mike Freeman,1B,11241,.09,-2.75,-2.66,,,,,,,,,,
Juan Centeno,CA,7168,-3.06,.32,-2.74,,,,,,,,,,
Bryan Mitchell,1B,11479,-3.11,.25,-2.86,,,,,,,,,,
Julio Urias,P,14765,-2.86,.00,-2.86,,,,,,,,,,
Brett Nicholas,CA,11192,.70,-3.66,-2.96,,,,,,,,,,
Mike Ohlman,CA,10347,-.97,-2.05,-3.02,,,,,,,,,,
Allen Cordoba,LF,15722,1.58,-4.63,-3.04,,,,,,,,,,
Jacob Stallings,CA,13723,-2.11,-.94,-3.05,,,,,,,,,,
Salvador Perez,CA,7304,5.48,-8.53,-3.05,,,,,,,,,,
Phil Gosselin,SS,10953,.23,-3.30,-3.07,,,,,,,,,,
Francisco Cervelli,CA,5275,4.82,-7.95,-3.13,,,,,,,,,,
Erick Aybar,SS,4082,6.26,-9.42,-3.16,,,,,,,,,,
John Hicks,1B,12547,.99,-4.18,-3.19,,,,,,,,,,
Raffy Lopez,CA,12606,-3.33,.01,-3.32,,,,,,,,,,
Ryan Flaherty,2B,7888,.33,-3.73,-3.40,,,,,,,,,,
Tom Murphy,CA,13499,.15,-3.60,-3.44,,,,,,,,,,
Jarrod Saltalamacchia,CA,5557,-2.70,-.83,-3.53,,,,,,,,,,
Jorge Alfaro,CA,12180,.78,-4.33,-3.54,,,,,,,,,,
Austin Hays,CF,19363,-.33,-3.23,-3.56,,,,,,,,,,
Anthony Recker,CA,4063,-2.11,-1.65,-3.76,,,,,,,,,,
Mason Williams,CF,11859,.20,-4.11,-3.91,,,,,,,,,,
Mike Tauchman,CF,15274,-.64,-3.28,-3.92,,,,,,,,,,
Rocky Gale,CA,10533,-2.52,-1.69,-4.20,,,,,,,,,,
Tyler White,LF,15564,.15,-4.68,-4.53,,,,,,,,,,
Jose Osuna,LF,12937,2.31,-7.12,-4.81,,,,,,,,,,
Kevin Plawecki,CA,13807,.57,-5.79,-5.22,,,,,,,,,,
Paul Janish,SS,7412,.60,-6.02,-5.42,,,,,,,,,,
Tony Wolters,CA,11470,6.68,-12.10,-5.42,,,,,,,,,,
John Jaso,RF,5887,3.38,-9.07,-5.69,,,,,,,,,,
Joc Pederson,CF,11899,3.85,-9.81,-5.97,,,,,,,,,,
Willson Contreras,CA,11609,10.71,-17.25,-6.53,,,,,,,,,,
Kevan Smith,CA,12284,.65,-7.26,-6.61,,,,,,,,,,
Tommy La Stella,3B,12371,1.59,-8.58,-6.99,,,,,,,,,,
Hector Sanchez,CA,10289,-2.78,-4.33,-7.11,,,,,,,,,,
Gavin Cecchini,2B,17005,1.24,-8.43,-7.19,,,,,,,,,,
Jaycob Brugman,CF,14936,2.20,-9.72,-7.53,,,,,,,,,,
Miguel Montero,CA,3364,-2.52,-5.06,-7.58,,,,,,,,,,
Stuart Turner,CA,15207,.82,-8.76,-7.94,,,,,,,,,,
Evan Gattis,CA,11003,-9.70,1.54,-8.16,,,,,,,,,,
Luis Torrens,CA,15905,1.42,-9.91,-8.48,,,,,,,,,,
Carlos Ruiz,CA,2579,1.62,-10.68,-9.06,,,,,,,,,,
Alex Avila,CA,7476,3.82,-13.61,-9.79,,,,,,,,,,
J.T. Realmuto,CA,11739,13.09,-23.57,-10.48,,,,,,,,,,
Joe Panik,2B,11936,9.13,-19.62,-10.49,,,,,,,,,,
Bruce Maxwell,CA,13866,4.11,-14.72,-10.60,,,,,,,,,,
Nick Hundley,CA,3376,2.15,-12.81,-10.66,,,,,,,,,,
Chris Gimenez,CA,7324,2.12,-13.17,-11.05,,,,,,,,,,
Eduardo Nunez,3B,6848,6.05,-17.55,-11.50,,,,,,,,,,
Alexi Amarista,2B,9063,-.37,-11.64,-12.01,,,,,,,,,,
Andrew Knapp,CA,14942,1.22,-14.21,-12.98,,,,,,,,,,
Tucker Barnhart,CA,10200,17.31,-31.28,-13.97,,,,,,,,,,
Devin Mesoraco,CA,5666,1.96,-16.57,-14.60,,,,,,,,,,
Omar Narvaez,CA,13338,2.34,-23.17,-20.83,,,,,,,,,,
Drew Butera,CA,3411,.65,-22.20,-21.55,,,,,,,,,,
Cameron Rupp,CA,11146,4.46,-27.81,-23.35,,,,,,,,,,
Stephen Vogt,CA,5000,-12.30,-11.74,-24.05,,,,,,,,,,
Welington Castillo,CA,3256,7.06,-33.31,-26.25,,,,,,,,,,
James McCann,CA,12859,2.52,-32.72,-30.21,,,,,,,,,,
Jonathan Lucroy,CA,7870,8.60,-38.84,-30.24,,,,,,,,,,
