Name,rOW,rDW,rBW,rPW,WAR,playerid,,,
Corey Kluber,.21,2.02,.00,62.03,9.5,2429,,,
Joey Votto,67.62,26.83,-2.51,,9.2,4314,,,
Chris Sale,.23,2.27,.00,53.52,8.3,10603,,,
Charlie Blackmon,57.80,18.78,3.74,,8.0,7859,,,
Max Scherzer,-6.69,.95,-1.60,56.77,7.8,3137,,,
Aaron Judge,54.51,18.53,3.37,,7.6,15640,,,
Paul Goldschmidt,41.75,25.53,8.91,,7.6,9218,,,
Giancarlo Stanton,48.74,24.63,-1.14,,7.2,4949,,,
Jose Altuve,41.63,20.19,10.33,,7.2,5417,,,
Mike Trout,51.07,11.10,5.06,,6.7,10155,,,
Luis Severino,-.61,2.40,.00,41.92,6.5,15890,,,
Nolan Arenado,39.47,22.67,2.22,,6.4,9777,,,
Kris Bryant,43.43,18.87,1.46,,6.4,15429,,,
Stephen Strasburg,-6.43,1.36,-.84,45.51,6.2,10131,,,
Jose E Ramirez,42.89,18.75,-1.11,,6.1,13510,,,
Clayton Kershaw,-5.19,1.49,.12,42.44,6.0,2036,,,
Mookie Betts,15.85,30.67,12.22,,5.9,13611,,,
Justin Turner,38.09,17.47,2.01,,5.8,5235,,,
Tommy Pham,25.54,19.13,11.98,,5.7,2967,,,
Justin Upton,24.47,27.15,4.63,,5.6,5222,,,
Anthony Rendon,41.00,12.75,2.20,,5.6,12861,,,
Marcell Ozuna,30.02,25.34,-3.48,,5.2,10324,,,
Francisco Lindor,21.35,22.92,7.38,,5.2,12916,,,
Freddie Freeman,37.63,9.64,3.98,,5.1,5361,,,
Brian Dozier,20.59,29.91,.10,,5.1,9810,,,
J.D. Martinez,35.74,11.73,.97,,4.8,6184,,,
Anthony Rizzo,32.66,17.56,-2.18,,4.8,3473,,,
Bryce Harper,35.54,11.68,.04,,4.7,11579,,,
Daniel Murphy,32.51,14.46,-1.32,,4.6,4316,,,
Zack Greinke,-4.63,3.86,-.45,31.12,4.5,1943,,,
Craig Kimbrel,,,,30.29,4.5,6655,,,
Lorenzo Cain,6.34,28.84,9.60,,4.5,9077,,,
Justin Verlander,-1.08,1.33,.00,29.53,4.5,8700,,,
Carlos Carrasco,-.74,1.64,.19,28.85,4.4,6632,,,
Dallas Keuchel,-.90,2.21,.00,28.40,4.4,9434,,,
Josh Donaldson,29.61,12.61,1.57,,4.4,5038,,,
Chad Green,,,,28.94,4.3,15552,,,
Justin Smoak,21.14,19.54,2.45,,4.3,9054,,,
Cody Bellinger,27.13,12.44,3.18,,4.3,15998,,,
Zack Cozart,31.05,10.84,.54,,4.2,2616,,,
Alex Bregman,14.54,25.15,2.70,,4.2,17678,,,
Kenley Jansen,.24,.29,.00,27.76,4.2,3096,,,
Corey Seager,17.55,17.73,5.37,,4.1,13624,,,
Felipe Rivero,,,,26.92,4.0,12076,,,
Andrew Miller,-.32,.29,.00,26.74,4.0,6785,,,
Carlos Correa,26.22,14.77,-1.31,,4.0,14162,,,
Ender Inciarte,5.29,27.98,5.87,,3.9,4922,,,
Michael Conforto,24.90,11.14,3.09,,3.9,16376,,,
James Paxton,,,,25.50,3.8,11828,,,
Brad Peacock,.12,2.01,.00,24.05,3.8,5401,,,
Jose Abreu,25.98,13.60,-1.45,,3.8,15676,,,
Gio Gonzalez,-12.31,2.34,.32,31.80,3.8,7448,,,
Jacob deGrom,-6.31,2.22,.47,27.77,3.8,10954,,,
Robbie Ray,-3.36,.47,-.57,27.60,3.8,11486,,,
Chris Taylor,15.78,18.08,3.90,,3.8,13757,,,
Ryan Zimmerman,26.06,9.10,2.40,,3.8,4220,,,
Elvis Andrus,8.25,23.20,4.79,,3.6,8709,,,
Michael Fulmer,-1.86,1.24,.00,24.57,3.6,13218,,,
George Springer,25.70,13.51,-3.00,,3.6,12856,,,
Alex Wood,-12.20,.74,.12,31.66,3.6,13781,,,
Yusmeiro Petit,,,,24.05,3.6,4020,,,
Christian Yelich,13.36,12.95,9.63,,3.6,11477,,,
Jonathan Schoop,11.80,22.31,1.64,,3.6,11265,,,
Brett Gardner,9.60,23.68,2.32,,3.6,9927,,,
Andrew McCutchen,20.13,10.07,5.17,,3.5,9847,,,
Travis Shaw,13.40,20.25,1.41,,3.5,11982,,,
Avisail Garcia,18.64,16.35,.01,,3.5,5760,,,
Buster Posey,22.26,9.47,2.70,,3.4,9166,,,
Eric Hosmer,24.32,5.25,4.80,,3.4,3516,,,
Byron Buxton,-6.73,28.41,12.45,,3.4,14161,,,
Matt Carpenter,22.84,13.42,-2.25,,3.4,8090,,,
Josh Reddick,20.16,12.63,.86,,3.4,3892,,,
Ryan Madson,,,,22.03,3.3,1852,,,
Roberto Osuna,,,,21.64,3.2,13764,,,
Blake Parker,,,,21.63,3.2,5224,,,
Eugenio Suarez,12.07,19.71,.25,,3.2,12552,,,
David Peralta,9.05,19.63,3.15,,3.2,2136,,,
Marwin Gonzalez,24.97,7.70,-.99,,3.2,5497,,,
Ervin Santana,-.96,1.81,.32,20.33,3.2,3200,,,
David Robertson,,,,20.93,3.1,8241,,,
Pat Neshek,,,,20.89,3.1,4682,,,
Carlos Santana,16.80,12.72,1.81,,3.1,2396,,,
Carl Edwards Jr.,-.32,1.06,.00,20.38,3.1,13607,,,
Raisel Iglesias,.80,1.12,.00,19.45,3.1,17130,,,
Khris Davis,11.85,18.43,-.02,,3.0,9112,,,
Nelson Cruz,31.28,-.64,-.42,,3.0,2434,,,
Eric Thames,17.34,15.53,-2.72,,3.0,3711,,,
Brad Hand,-.10,.55,.00,19.79,3.0,9111,,,
Matt Albers,,,,19.91,3.0,4300,,,
Logan Morrison,17.61,9.40,2.53,,3.0,9205,,,
Trea Turner,4.24,10.69,14.60,,3.0,16252,,,
DJ LeMahieu,5.85,21.48,2.06,,2.9,9874,,,
Corey Knebel,,,,19.57,2.9,15010,,,
Joey Gallo,12.34,13.08,3.85,,2.9,14128,,,
Rich Hill,-7.67,.53,-.96,24.88,2.9,4806,,,
Yulieski Gurriel,11.91,14.86,2.11,,2.9,19198,,,
Kyle Seager,6.44,23.17,-.77,,2.9,9785,,,
Chris Devenski,-.32,1.02,.00,18.71,2.9,12763,,,
Archie Bradley,-.44,.66,.00,19.00,2.9,12918,,,
Jake Lamb,14.77,11.34,2.38,,2.8,13329,,,
Chase Anderson,-10.02,1.40,.08,24.58,2.8,6895,,,
Andrelton Simmons,-.90,22.50,6.50,,2.8,10847,,,
Whit Merrifield,4.67,19.39,3.76,,2.8,11281,,,
Joe Mauer,10.57,15.77,1.30,,2.8,1857,,,
Jed Lowrie,14.48,11.04,2.07,,2.8,4418,,,
Adrian Beltre,22.39,7.87,-2.96,,2.7,639,,,
Brandon Belt,10.15,19.31,-2.34,,2.7,10264,,,
Domingo Santana,18.37,9.61,-.91,,2.7,10348,,,
Anthony Swarzak,,,,18.01,2.7,7466,,,
Matt Joyce,9.21,17.92,-.16,,2.7,3353,,,
Jay Bruce,10.72,16.12,.12,,2.7,9892,,,
Dee Gordon,-5.62,17.35,15.16,,2.7,8203,,,
Alex Claudio,,,,17.84,2.7,12890,,,
Mike Montgomery,-2.34,2.23,.20,17.75,2.7,4869,,,
Steven Souza Jr.,6.93,14.84,4.82,,2.7,5667,,,
Aaron Nola,-9.37,2.53,-.96,22.76,2.6,16149,,,
Marcus Stroman,.66,3.81,.00,14.55,2.6,13431,,,
Michael Brantley,6.94,14.07,5.21,,2.6,4106,,,
Ken Giles,,,,17.41,2.6,12910,,,
Didi Gregorius,9.08,16.59,.34,,2.6,6012,,,
Yonder Alonso,16.53,8.81,.66,,2.6,2530,,,
Edwin Encarnacion,24.77,1.17,-.11,,2.6,2151,,,
Mike Minor,,,,17.17,2.6,10021,,,
Justin Bour,17.54,8.49,-.28,,2.6,9744,,,
Mike Clevinger,-.43,.98,.00,16.75,2.6,12808,,,
Adam Warren,,,,17.01,2.6,9029,,,
Aaron Hicks,11.65,11.48,2.11,,2.5,5297,,,
Wil Myers,1.04,17.54,6.45,,2.5,10047,,,
Eddie Rosario,14.44,14.38,-3.78,,2.5,12155,,,
Brandon Morrow,,,,16.68,2.5,9346,,,
Zack Godley,-9.07,1.59,.00,21.66,2.5,14862,,,
Cesar Hernandez,8.03,13.55,3.32,,2.5,10556,,,
Yu Darvish,-3.94,1.68,.00,17.85,2.5,13074,,,
Jedd Gyorko,6.52,17.93,-.21,,2.4,10816,,,
Sean Doolittle,,,,16.13,2.4,1581,,,
Trey Mancini,7.42,14.28,2.48,,2.4,15149,,,
Sonny Gray,,,,16.08,2.4,12768,,,
Josh Harrison,5.36,16.38,2.26,,2.4,8202,,,
Michael Taylor,2.38,16.80,4.80,,2.4,11489,,,
Yasiel Puig,8.64,21.04,-5.96,,2.4,14225,,,
Carlos Martinez,-7.19,.69,.42,19.79,2.4,11682,,,
Adam Duvall,.37,23.89,-.76,,2.3,10950,,,
Kevin Kiermaier,3.58,16.65,3.21,,2.3,11038,,,
Robinson Cano,5.98,17.26,.13,,2.3,3269,,,
Kyle Hendricks,-10.57,2.95,.29,20.23,2.3,12049,,,
Mychal Givens,,,,15.34,2.3,10430,,,
Starlin Castro,2.55,15.00,4.60,,2.2,4579,,,
Andrew Benintendi,5.64,18.04,-1.60,,2.2,17901,,,
Jose Quintana,-4.67,1.89,.00,16.49,2.2,11423,,,
Juan Nicasio,-.25,.74,.00,14.31,2.2,7731,,,
Mark Reynolds,10.01,12.36,-.44,,2.2,7619,,,
Todd Frazier,4.44,19.04,-1.77,,2.2,785,,,
Aaron Altherr,6.77,15.27,-.35,,2.2,11270,,,
Chris Rusin,-.26,1.41,.08,13.54,2.2,9895,,,
Tommy Hunter,,,,14.21,2.1,1157,,,
Jose Martinez,11.78,6.83,2.71,,2.1,7996,,,
Jordan Montgomery,-.70,.38,.00,14.40,2.1,16511,,,
Tommy Kahnle,,,,14.13,2.1,11384,,,
Nick Markakis,-2.20,19.55,3.78,,2.1,5930,,,
Luis Castillo,-5.87,2.06,.00,16.62,2.1,15689,,,
Delino DeShields,-2.33,18.19,5.25,,2.1,11379,,,
Jhoulys Chacin,-5.13,2.88,1.14,14.76,2.1,2608,,,
Austin Jackson,8.69,8.61,3.68,,2.1,9848,,,
Jimmy Nelson,-12.05,1.26,.00,21.09,2.1,10547,,,
Mitch Haniger,8.08,12.51,.11,,2.1,14274,,,
A.J. Pollock,5.74,10.29,4.59,,2.1,9256,,,
Gary Sanchez,16.57,6.98,-3.01,,2.1,11442,,,
Charlie Morton,-.75,-.44,.00,14.43,2.0,4676,,,
Joe Smith,,,,13.61,2.0,3281,,,
Mikie Mahtook,2.09,15.65,2.66,,2.0,13130,,,
Steve Cishek,,,,13.54,2.0,6483,,,
Darren O'Day,,,,13.48,2.0,3321,,,
Dexter Fowler,13.80,7.56,-1.19,,2.0,4062,,,
Dellin Betances,,,,13.44,2.0,6216,,,
Yoenis Cespedes,11.99,9.72,-1.66,,2.0,13110,,,
Josh Hader,-1.15,.33,.00,13.82,2.0,14212,,,
Danny Duffy,.14,1.13,.00,12.42,2.0,3542,,,
Keone Kela,,,,13.20,2.0,14696,,,
Rhys Hoskins,17.23,2.23,-.09,,1.9,16472,,,
Jacoby Ellsbury,.43,10.42,8.46,,1.9,4727,,,
Ryan Braun,5.27,11.24,2.61,,1.9,3410,,,
Manny Machado,2.21,20.22,-3.49,,1.9,11493,,,
Curtis Granderson,3.03,11.86,3.97,,1.9,4747,,,
Adam Lind,12.73,6.20,-.15,,1.9,8027,,,
Kolten Wong,9.20,7.91,1.57,,1.9,12532,,,
Trevor Rosenthal,,,,12.38,1.9,10745,,,
Madison Bumgarner,-1.38,.91,.84,12.11,1.9,5524,,,
Carlos Gomez,5.67,11.90,.86,,1.8,4881,,,
Matt Olson,12.49,7.73,-1.87,,1.8,14344,,,
Tyler Flowers,8.69,8.73,.65,,1.8,9134,,,
Dylan Bundy,,,,12.03,1.8,12917,,,
Corey Dickerson,5.38,13.66,-1.26,,1.8,10762,,,
Brad Brach,,,,11.82,1.8,6627,,,
Peter Moylan,,,,11.65,1.7,4891,,,
Chris Archer,-1.32,.79,.00,11.97,1.7,6345,,,
Jose Berrios,-.69,1.24,.00,11.21,1.7,14168,,,
Austin Barnes,12.40,5.09,-.31,,1.7,12158,,,
Joe Kelly,,,,11.44,1.7,9761,,,
Jose Pirela,6.64,11.79,-1.32,,1.7,5485,,,
Emilio Pagan,-.57,.04,.00,11.69,1.7,14771,,,
Drew Pomeranz,-.32,.33,.00,11.30,1.7,11426,,,
Tyler Lyons,.01,-.06,.00,11.34,1.7,11334,,,
David Hernandez,,,,11.24,1.7,4259,,,
Jean Segura,1.67,14.19,.92,,1.7,5933,,,
Howie Kendrick,7.57,8.46,.72,,1.7,4229,,,
J.A. Happ,-.57,1.28,.00,10.70,1.7,7410,,,
Bryan Shaw,,,,11.16,1.7,8110,,,
Gerardo Parra,4.29,13.88,-1.47,,1.7,8553,,,
Sam Freeman,-.57,.70,.00,10.89,1.6,6832,,,
Scott Schebler,3.36,11.75,1.33,,1.6,12225,,,
Lance Lynn,-10.88,1.37,.39,16.98,1.6,2520,,,
Joakim Soria,,,,10.88,1.6,6941,,,
Evan Longoria,-4.95,18.82,2.38,,1.6,9368,,,
Brandon Kintzler,,,,10.81,1.6,9939,,,
Edwin Diaz,-.32,.21,.00,10.88,1.6,14710,,,
Alex Cobb,-1.79,2.24,.00,10.46,1.6,6562,,,
Scott Alexander,-.82,.41,.00,11.03,1.6,10591,,,
Matt Barnes,,,,10.73,1.6,12863,,,
Mitch Moreland,.26,17.18,-1.20,-.12,1.6,3086,,,
Dominic Leone,,,,10.70,1.6,13763,,,
Orlando Arcia,-6.20,21.33,.82,,1.6,13185,,,
Ryan Tepera,-.32,.64,.00,10.38,1.6,10291,,,
Kurt Suzuki,13.70,.59,1.49,,1.6,8259,,,
Addison Reed,,,,10.46,1.6,10586,,,
Josh Fields,,,,10.37,1.6,5070,,,
Chris Iannetta,9.70,6.69,-.90,,1.5,8267,,,
Cole Hamels,-.82,.90,.00,10.20,1.5,4972,,,
Miguel Sano,7.06,9.52,-1.28,,1.5,12164,,,
Max Kepler,-2.76,15.49,2.55,,1.5,12144,,,
Ryan Buchter,,,,10.19,1.5,9456,,,
Matt Adams,7.86,7.37,.05,,1.5,9393,,,
Javier Baez,.01,12.62,2.58,,1.5,12979,,,
Wade Davis,,,,10.09,1.5,7441,,,
Will Harris,,,,10.07,1.5,3192,,,
Craig Stammen,1.48,1.22,.27,8.07,1.5,7274,,,
David Price,.46,.57,.00,9.36,1.5,3184,,,
Marcus Semien,-2.82,10.59,7.29,,1.5,12533,,,
Luis Garcia,,,,9.99,1.5,6984,,,
Shane Greene,,,,9.94,1.5,10756,,,
Nick Vincent,,,,9.92,1.5,7555,,,
Aroldis Chapman,,,,9.87,1.5,10233,,,
Jake McGee,,,,9.79,1.5,7550,,,
Carlos Gonzalez,1.41,10.98,2.18,,1.5,7287,,,
Danny Barnes,,,,9.69,1.5,11388,,,
Neil Walker,7.85,6.83,-.19,,1.4,7539,,,
Jorge Polanco,-2.43,12.86,3.99,,1.4,13152,,,
Ezequiel Carrera,1.22,6.59,6.57,,1.4,9048,,,
Yadier Molina,-.98,14.57,.76,,1.4,7007,,,
David Freese,-1.36,17.42,-1.75,,1.4,9549,,,
Lonnie Chisenhall,10.21,5.36,-1.46,,1.4,7571,,,
Fernando Rodney,,,,9.39,1.4,494,,,
Odubel Herrera,-1.44,18.10,-2.68,,1.4,11476,,,
Ozzie Albies,5.40,4.03,4.43,,1.4,16556,,,
Josh Bell,5.35,15.53,-7.15,,1.4,13145,,,
Pedro Strop,-.25,1.04,.00,8.52,1.4,4070,,,
Jeff Samardzija,-11.51,3.02,.32,14.42,1.3,3254,,,
Nick Goody,,,,8.92,1.3,13685,,,
Shin-Soo Choo,3.57,10.23,-.48,,1.3,3174,,,
Jon Jay,.23,7.56,4.91,.28,1.3,5227,,,
Zach McAllister,,,,8.65,1.3,2895,,,
Lance McCullers,-.75,1.42,.08,8.07,1.3,14120,,,
Matt Chapman,1.67,12.54,-1.36,,1.3,16505,,,
Erasmo Ramirez,.53,1.17,.00,7.42,1.3,10314,,,
Jason Heyward,-4.87,16.26,1.39,,1.3,4940,,,
Brandon Nimmo,3.62,8.80,.27,,1.3,12927,,,
Ehire Adrianza,1.09,7.12,4.46,,1.3,8418,,,
Jacob Faria,,,,8.40,1.3,13699,,,
Jesus Aguilar,3.48,7.94,1.17,,1.3,11342,,,
CC Sabathia,-.57,1.49,.00,7.77,1.3,404,,,
Andrew Cashner,-.47,2.05,.00,7.30,1.3,8782,,,
Starling Marte,-4.99,10.34,7.05,,1.2,9241,,,
Greg Holland,,,,8.26,1.2,7196,,,
Miguel Rojas,.88,10.70,.73,,1.2,7802,,,
Tim Beckham,-3.18,20.19,-4.71,,1.2,7949,,,
Brandon McCarthy,-4.93,1.32,.00,10.57,1.2,4662,,,
Arodys Vizcaino,,,,8.16,1.2,5498,,,
Garrett Richards,,,,8.15,1.2,9784,,,
Adam Frazier,.20,8.92,3.09,,1.2,15223,,,
Cody Allen,,,,8.11,1.2,12183,,,
Brian Goodwin,3.74,6.43,1.83,,1.2,12858,,,
Matthew Bowman,.15,1.20,.00,7.07,1.2,13528,,,
Justin Wilson,,,,7.96,1.2,4301,,,
Cory Gearrin,-.65,1.10,.00,7.62,1.2,7947,,,
Jackie Bradley Jr.,-6.97,18.36,.46,,1.2,12984,,,
Hernan Perez,-9.85,15.10,6.55,-.05,1.2,5751,,,
Yoan Moncada,-.77,11.03,1.46,,1.2,17232,,,
Noah Syndergaard,-.06,.55,.00,7.49,1.2,11762,,,
Scooter Gennett,11.86,2.51,.02,-1.78,1.2,10339,,,
Daniel Nava,6.62,6.85,-1.92,,1.2,5450,,,
Lucas Duda,5.41,9.85,-3.84,,1.1,2502,,,
Blake Snell,-.85,1.52,.00,7.10,1.1,13543,,,
Ian Kinsler,-4.81,15.00,1.10,,1.1,6195,,,
Chase Whitley,,,,7.51,1.1,10982,,,
Adam Jones,.11,9.49,1.66,,1.1,6368,,,
Tyler Olson,,,,7.43,1.1,14741,,,
Robbie Grossman,2.49,6.56,2.04,,1.1,5254,,,
Kenta Maeda,-5.87,.95,-.45,10.98,1.1,18498,,,
Kirby Yates,,,,7.36,1.1,9073,,,
Kyle Barraclough,-.32,.54,.00,7.12,1.1,13713,,,
Kole Calhoun,-4.33,18.29,-3.12,,1.1,11200,,,
Gregory Polanco,-7.26,15.31,2.74,,1.1,12907,,,
Cory Spangenberg,-6.15,12.79,4.10,,1.1,12294,,,
Alex Meyer,.14,.62,.00,6.63,1.1,12833,,,
Daniel Mengden,.69,.72,.00,6.19,1.1,16980,,,
Brian Duensing,-1.68,1.12,.00,7.45,1.1,4064,,,
Nick Delmonico,4.07,3.51,3.00,,1.1,13157,,,
Alex Colome,,,,7.00,1.1,6661,,,
Eric Sogard,4.84,7.99,-2.33,,1.1,7927,,,
Dustin Pedroia,4.48,10.16,-4.14,,1.1,8370,,,
Cameron Maybin,-12.92,13.40,9.98,,1.0,5223,,,
Sergio Romo,,,,6.97,1.0,9817,,,
Danny Salazar,,,,6.88,1.0,5867,,,
Mike Moustakas,10.15,-.77,.76,,1.0,4892,,,
Gregory Infante,,,,6.75,1.0,9119,,,
Chase Headley,1.82,12.11,-3.89,,1.0,4720,,,
John Brebbia,-.25,.49,.00,6.53,1.0,12777,,,
Al Alburquerque,,,,6.65,1.0,6324,,,
Wandy Peralta,,,,6.65,1.0,14295,,,
Jacob Barnes,.33,.41,.00,6.14,1.0,12323,,,
Luke Weaver,-2.51,1.18,.00,7.48,1.0,16918,,,
Alan Busenitz,,,,6.53,1.0,15239,,,
Jarrod Dyson,-6.65,11.86,4.55,,1.0,4866,,,
Colby Rasmus,3.99,5.55,.19,,1.0,9893,,,
Jose Alvarado,,,,6.46,1.0,17780,,,
Liam Hendriks,,,,6.44,1.0,3548,,,
Lucas Giolito,,,,6.44,1.0,15474,,,
Eduardo Rodriguez,-1.90,.96,.00,7.06,1.0,13164,,,
Leury Garcia,-2.44,10.20,1.84,,1.0,5913,,,
Paul DeJong,8.40,6.58,-5.47,,1.0,18015,,,
Seth Smith,1.21,8.17,-.01,,0.9,7331,,,
Christian Vazquez,-6.83,16.13,.05,,0.9,9774,,,
Brent Suter,-2.40,1.54,.00,6.75,0.9,13942,,,
Jake Odorizzi,.11,.57,.00,5.71,0.9,6397,,,
Jose Reyes,-.97,4.02,6.19,,0.9,1736,,,
Gerrit Cole,-6.06,2.69,.76,7.89,0.9,13125,,,
Randall Delgado,-2.07,.82,.00,6.99,0.9,5985,,,
Jose Leclerc,,,,6.15,0.9,14524,,,
Austin Maddox,,,,6.12,0.9,14241,,,
Ryan Schimpf,-3.83,12.24,.76,,0.9,9953,,,
Parker Bridwell,,,,6.12,0.9,11502,,,
Trevor Story,-8.77,16.98,.93,,0.9,12564,,,
Kevin Pillar,-11.99,21.85,-.73,,0.9,12434,,,
Jose A Ramirez,,,,6.08,0.9,10171,,,
Ross Stripling,-2.54,1.08,.10,6.95,0.9,13273,,,
Logan Forsythe,-9.42,13.69,4.72,,0.9,7185,,,
Freddy Galvis,-14.72,23.46,.25,,0.9,6609,,,
Yolmer Sanchez,-5.85,18.52,-3.73,,0.9,11602,,,
Billy Hamilton,-25.15,18.71,15.37,,0.9,10199,,,
Derek Dietrich,1.69,7.30,-.06,,0.9,10542,,,
Sam Tuivailala,,,,5.94,0.9,13485,,,
Jake Marisnick,.64,6.13,2.14,,0.9,11339,,,
Carlos Ramirez,,,,5.93,0.9,11743,,,
Eric Young,.49,4.91,3.42,,0.9,7158,,,
Hector Neris,,,,5.87,0.9,11804,,,
Wilmer Difo,-8.58,13.59,3.74,,0.9,14320,,,
Rafael Devers,2.41,4.87,1.44,,0.9,17350,,,
Matt Belisle,,,,5.69,0.9,1837,,,
Trevor Hildenberger,,,,5.59,0.8,17002,,,
Jerry Blevins,,,,5.58,0.8,7841,,,
Dan Otero,,,,5.56,0.8,7385,,,
Yasmani Grandal,-3.56,17.20,-5.34,,0.8,11368,,,
Wei-Yin Chen,-1.57,.76,.00,5.99,0.8,13071,,,
Trevor Williams,-9.29,2.24,.00,10.13,0.8,16977,,,
Bradley Zimmer,-9.50,9.72,7.92,,0.8,16221,,,
Johan Camargo,.86,7.13,.06,,0.8,14950,,,
Ketel Marte,.88,7.11,.02,,0.8,13613,,,
Mallex Smith,-6.31,9.96,4.32,,0.8,13608,,,
Daniel Winkler,,,,5.27,0.8,12237,,,
Nomar Mazara,-4.42,13.50,-1.29,,0.8,14553,,,
David Phelps,-.32,.48,.00,5.09,0.8,6316,,,
Alex Presley,.51,6.25,.95,,0.8,5305,,,
Albert Almora Jr.,1.48,7.53,-1.36,,0.8,14109,,,
Tony Zych,,,,5.07,0.8,12876,,,
George Kontos,-.57,.76,.00,4.88,0.8,9486,,,
Jesse Winker,6.63,2.28,-1.45,,0.7,13590,,,
Koji Uehara,,,,4.84,0.7,9227,,,
Fernando Abad,,,,4.79,0.7,4994,,,
Hunter Pence,-10.76,17.09,.86,,0.7,8252,,,
Jon Lester,-5.36,2.84,-.54,6.81,0.7,4930,,,
Zach Putnam,,,,4.77,0.7,9080,,,
Miguel Castro,,,,4.72,0.7,15684,,,
Jimmie Sherfy,,,,4.72,0.7,15118,,,
Brett Cecil,-.25,1.11,.00,4.05,0.7,2660,,,
Ben Revere,-9.62,11.08,5.46,,0.7,4712,,,
Hector Rondon,.15,.58,.00,4.12,0.7,2391,,,
Eduardo Escobar,-.40,5.80,1.40,,0.7,6153,,,
Jon Gray,-7.49,.81,.19,8.85,0.7,14916,,,
Jorge Bonifacio,-4.99,10.13,1.50,,0.7,12174,,,
Denard Span,.40,3.87,2.29,,0.7,8347,,,
Mike Leake,-6.09,3.56,-.69,6.50,0.7,10130,,,
T.J. Rivera,1.00,4.83,.66,,0.6,12495,,,
Paul Blackburn,-.90,.79,.00,4.35,0.6,14739,,,
Jeremy Hazelbaker,4.78,2.17,-.59,,0.6,9399,,,
A.J. Minter,,,,4.24,0.6,18655,,,
Gregor Blanco,-4.16,5.10,5.40,,0.6,3123,,,
Drew Steckenrider,,,,4.20,0.6,18806,,,
Noe Ramirez,,,,4.18,0.6,12800,,,
Robinson Chirinos,9.38,.10,-3.28,,0.6,3142,,,
Hunter Renfroe,-6.31,15.21,-2.72,,0.6,15464,,,
Doug Fister,-.50,1.06,.00,3.69,0.6,9425,,,
Danny Farquhar,,,,4.05,0.6,8501,,,
Craig Gentry,-.46,5.69,.77,,0.6,9571,,,
Victor Arano,,,,3.99,0.6,15915,,,
Xander Bogaerts,-5.47,8.22,3.23,,0.6,12161,,,
Richard Bleier,,,,3.98,0.6,7803,,,
Robby Scott,,,,3.96,0.6,13042,,,
Paul Sewald,-.57,.32,.00,4.12,0.6,13892,,,
Edinson Volquez,-3.00,1.29,.00,5.08,0.6,3990,,,
Taijuan Walker,-4.70,1.37,.71,5.66,0.6,11836,,,
Manuel Margot,-7.12,11.69,1.19,,0.6,14712,,,
Enrique Hernandez,-2.92,6.83,1.83,,0.6,10472,,,
Kyle Crick,,,,3.82,0.6,13182,,,
Addison Russell,-6.90,11.64,.91,,0.6,14106,,,
Andrew Chafin,,,,3.75,0.6,12988,,,
Ben Heller,,,,3.70,0.6,15100,,,
Brad Boxberger,,,,3.64,0.5,10133,,,
Kyle McGrath,,,,3.61,0.5,16793,,,
Matt Szczur,-.96,6.58,-.26,,0.5,11255,,,
Chase Bradford,-.32,.55,.00,3.27,0.5,12452,,,
Dan Jennings,,,,3.39,0.5,8073,,,
Kyle Schwarber,-1.15,10.04,-4.04,,0.5,16478,,,
Bud Norris,,,,3.21,0.5,9492,,,
Deck McGuire,-.82,-.19,.00,3.84,0.5,11596,,,
Tanner Roark,-10.70,1.73,.08,9.09,0.5,8753,,,
Ryan Pressly,,,,3.12,0.5,7005,,,
Steve Pearce,-3.05,9.62,-1.98,,0.5,9957,,,
Adeiny Hechavarria,-9.48,12.39,1.65,,0.5,10459,,,
Jason Motte,,,,3.04,0.5,5861,,,
Adam Morgan,.47,.59,.08,2.25,0.5,12580,,,
Wade LeBlanc,-.76,1.03,.00,2.80,0.4,5221,,,
Brett Phillips,.97,2.39,1.10,,0.4,14735,,,
Jake Arrieta,-9.85,2.74,.00,7.67,0.4,4153,,,
Brock Stewart,-.29,.24,.00,2.96,0.4,16727,,,
Brandon Drury,-1.86,7.44,-1.27,,0.4,11615,,,
Manny Pina,-2.29,4.48,2.06,,0.4,2829,,,
Taylor Rogers,,,,2.83,0.4,13449,,,
Luis Avilan,-.57,-.06,.00,3.25,0.4,2882,,,
Hector Velazquez,-.25,.30,.00,2.80,0.4,19341,,,
Koda Glover,,,,2.77,0.4,17695,,,
Austin Slater,-2.01,5.65,.46,,0.4,16153,,,
Jordy Mercer,-6.84,11.79,-.83,,0.4,6547,,,
Max Moroff,-5.14,7.47,1.73,,0.4,14556,,,
Dinelson Lamet,-7.79,.84,.00,7.33,0.4,17186,,,
Pat Valaika,2.68,.72,.63,,0.4,14885,,,
Andrew Bailey,,,,2.68,0.4,1368,,,
Boone Logan,,,,2.64,0.4,5525,,,
Teoscar Hernandez,3.31,-.09,.73,,0.4,13066,,,
Jarlin Garcia,,,,2.62,0.4,18282,,,
Zach Davies,-4.39,3.61,.20,2.98,0.4,13183,,,
Ian Happ,4.17,1.06,-1.34,,0.4,17919,,,
Adam Eaton,4.69,-2.54,1.72,,0.4,11205,,,
Jake Diekman,,,,2.57,0.4,5003,,,
Melky Cabrera,-3.31,12.04,-4.93,,0.4,4022,,,
Brandon Woodruff,-.75,1.03,.00,2.27,0.4,16162,,,
Edward Paredes,,,,2.43,0.4,4168,,,
Chih-Wei Hu,,,,2.43,0.4,16419,,,
Garrett Cooper,1.04,2.28,.32,,0.4,15279,,,
Lane Adams,.31,.47,2.77,,0.4,10767,,,
C.J. Cron,-4.02,8.72,-1.20,,0.3,12546,,,
Russell Martin,-5.38,6.52,2.35,,0.3,4616,,,
Aaron Wilkerson,-1.07,.05,.00,2.97,0.3,16904,,,
Nick Ahmed,-5.44,7.94,.92,,0.3,12147,,,
Joaquin Benoit,,,,2.26,0.3,1437,,,
Christian Villanueva,2.92,.33,.00,,0.3,11738,,,
Jose Torres,.46,.37,.00,1.59,0.3,14957,,,
Jeimer Candelario,.81,1.59,.76,,0.3,13621,,,
Juan Lagares,-10.09,11.29,1.95,,0.3,5384,,,
Nicholas Castellanos,6.86,2.78,-6.50,,0.3,11737,,,
Chaz Roe,,,,2.09,0.3,9866,,,
Wilmer Flores,1.03,1.94,.16,,0.3,5827,,,
Andrew Albers,.69,.55,.00,1.26,0.3,7853,,,
Brad Miller,-10.26,12.77,.60,,0.3,12775,,,
Pedro Florimon,1.14,2.25,-.30,,0.3,8385,,,
Asdrubal Cabrera,3.08,4.41,-4.40,,0.3,4962,,,
Odrisamer Despaigne,-3.55,1.12,.00,3.67,0.3,16017,,,
Carson Fulmer,,,,2.03,0.3,18311,,,
Nick Williams,1.83,5.06,-3.86,,0.3,14330,,,
Jason Kipnis,-3.35,3.89,2.50,,0.3,9776,,,
Alex Avila,6.19,-.59,-2.60,,0.3,7476,,,
Chris Davis,-9.92,15.67,-2.75,,0.3,9272,,,
Brandon Crawford,-12.20,15.68,-.49,,0.3,5343,,,
A.J. Ramos,,,,1.99,0.3,8350,,,
Hunter Strickland,,,,1.98,0.3,7836,,,
Greg Garcia,-3.39,4.82,1.43,,0.3,10951,,,
Francisco Pena,2.65,.14,.08,,0.3,8298,,,
Kevin McCarthy,,,,1.90,0.3,15240,,,
Jeurys Familia,-.32,-.04,.00,2.13,0.3,5114,,,
Devon Travis,-3.10,4.62,1.30,,0.3,13862,,,
Randal Grichuk,-7.48,9.13,1.12,,0.3,10243,,,
Michael Wacha,-11.05,2.43,.12,7.49,0.3,14078,,,
Shane Peterson,-2.04,3.06,1.70,,0.3,7423,,,
Nate Karns,,,,1.75,0.3,12638,,,
Yasmany Tomas,-1.56,2.65,1.52,,0.3,17171,,,
Jarrett Parker,-4.86,6.84,.62,,0.3,11624,,,
Carson Smith,,,,1.69,0.3,13172,,,
Zach Britton,,,,1.68,0.3,3240,,,
Jayson Werth,-4.23,7.06,-.33,,0.3,1327,,,
Miguel Andujar,2.10,.08,.30,,0.2,15878,,,
Ryan Sherriff,,,,1.63,0.2,12249,,,
Huston Street,,,,1.62,0.2,8258,,,
Shae Simmons,,,,1.61,0.2,14200,,,
Peter Bourjos,-8.35,8.10,2.66,,0.2,2578,,,
Keon Broxton,-11.63,12.40,1.63,,0.2,9253,,,
Chris Owings,-2.64,2.04,2.95,,0.2,10030,,,
Chance Sisco,3.13,-1.00,.20,,0.2,15694,,,
Curt Casali,1.79,.32,.20,,0.2,12510,,,
Boog Powell,.83,2.82,-1.39,,0.2,15103,,,
Ryan Garton,,,,1.46,0.2,14016,,,
Albert Suarez,-.50,.48,.00,1.48,0.2,6175,,,
Blake Treinen,,,,1.43,0.2,12572,,,
Buddy Baumann,,,,1.40,0.2,9309,,,
Mike Zunino,4.28,-3.48,1.29,,0.2,13265,,,
Eduardo Paredes,,,,1.38,0.2,16344,,,
Chris Volstad,,,,1.35,0.2,9901,,,
Martin Maldonado,-21.89,26.89,-3.01,,0.2,6887,,,
Cam Bedrosian,,,,1.33,0.2,13360,,,
Cliff Pennington,-7.51,7.02,2.47,,0.2,3395,,,
Aaron Bummer,,,,1.31,0.2,16258,,,
Edubray Ramos,-.32,-1.05,.00,2.23,0.2,16086,,,
Rene Rivera,-4.24,6.24,-.04,,0.2,3648,,,
Chase Utley,-.71,5.19,-2.64,,0.2,1679,,,
Andrew Toles,-.65,2.91,-.45,,0.2,13414,,,
J.T. Realmuto,1.44,-.53,.77,,0.2,11739,,,
Ronald Torreyes,-7.78,12.46,-3.00,,0.2,11400,,,
Zach Duke,,,,1.11,0.2,3840,,,
Andrew Kittredge,,,,1.05,0.2,12828,,,
Willson Contreras,8.68,.37,-7.48,,0.2,11609,,,
Silvino Bracho,,,,1.05,0.2,15051,,,
J.P. Crawford,-1.58,2.90,.25,,0.2,15491,,,
James Pazos,,,,1.03,0.2,13323,,,
Akeel Morris,,,,1.03,0.2,12185,,,
Shelby Miller,-.73,.25,.30,1.15,0.2,10197,,,
Nori Aoki,-3.03,5.83,-.22,-.71,0.2,13075,,,
Phillip Evans,.40,1.99,-.89,,0.2,12950,,,
Ji-Man Choi,1.35,.15,.00,,0.1,5452,,,
Nate Jones,,,,.99,0.1,4696,,,
Chris Hatcher,,,,.95,0.1,3299,,,
Domingo German,,,,.95,0.1,17149,,,
Jurickson Profar,-4.35,4.03,1.73,,0.1,10815,,,
J.D. Davis,-1.69,2.85,-.75,.67,0.1,16219,,,
Jamie Callahan,,,,.93,0.1,14711,,,
Masahiro Tanaka,-.50,2.39,.00,-.33,0.1,15764,,,
Matt Grace,-1.54,.47,.00,1.63,0.1,11449,,,
Antonio Senzatela,-5.32,2.20,.08,2.95,0.1,15488,,,
Carter Capps,,,,.88,0.1,12803,,,
Thyago Vieira,,,,.82,0.1,14510,,,
Danny Valencia,-10.26,12.79,-1.33,,0.1,6364,,,
Adam Liberatore,,,,.80,0.1,10637,,,
Jackson Stephens,-.23,.43,.00,.65,0.1,14420,,,
Rymer Liriano,-1.74,2.26,.64,,0.1,4779,,,
James Hoyt,-.32,.15,.00,.89,0.1,14605,,,
Trevor Bauer,-.82,1.05,.00,.62,0.1,12703,,,
Christopher Bostick,.47,.77,-.09,,0.1,13718,,,
Daniel Slania,,,,.75,0.1,15639,,,
Mike Marjama,1.09,.04,.00,,0.1,12594,,,
Reyes Moronta,,,,.73,0.1,14966,,,
Luis Valbuena,-5.50,7.74,-1.15,,0.1,4969,,,
Andre Ethier,-.01,.96,.12,,0.1,6265,,,
Brian McCann,1.17,1.40,-1.51,,0.1,4810,,,
Simon Castro,,,,.70,0.1,9243,,,
Tyler Mahle,-.86,.58,.00,.89,0.1,16358,,,
Tim Federowicz,.34,.47,.20,,0.1,8609,,,
Jorge Alfaro,2.98,-.60,-1.38,,0.1,12180,,,
Taylor Williams,,,,.66,0.1,14899,,,
Pedro Baez,.01,.50,.00,.32,0.1,5420,,,
Jose Alvarez,,,,.65,0.1,5358,,,
Daniel Coulombe,,,,.64,0.1,13293,,,
Jim Adduci,-1.71,2.37,.26,,0.1,6448,,,
A.J. Schugel,.08,.30,.00,.34,0.1,11432,,,
Aaron Slegers,,,,.59,0.1,15231,,,
Pedro Beato,,,,.57,0.1,1330,,,
Colin Moran,1.78,-1.13,.20,,0.1,16909,,,
Jason Vargas,-.36,2.48,.00,-.85,0.1,8044,,,
Erik Kratz,1.26,-.44,.00,,0.1,4403,,,
Jared Hughes,,,,.54,0.1,9325,,,
Daniel Wright,,,,.53,0.1,15179,,,
Ryan Weber,,,,.51,0.1,10160,,,
Ben Gamel,-5.62,10.36,-4.00,,0.1,12160,,,
Jose Ruiz,,,,.49,0.1,14552,,,
Tyler Danish,,,,.47,0.1,15126,,,
Darrell Ceciliani,1.45,.09,-.84,,0.1,9954,,,
Jorge de la Rosa,.29,.90,.00,-.34,0.1,2047,,,
Ben Zobrist,-9.66,10.03,.31,,0.1,7435,,,
Ryan Merritt,,,,.45,0.1,13688,,,
Tyler Duffey,,,,.43,0.1,13758,,,
David Goforth,,,,.42,0.1,12166,,,
Phil Maton,,,,.41,0.1,18064,,,
Joey Wendle,.98,-.56,.19,,0.1,13853,,,
Joey Rickard,-14.89,11.90,3.58,,0.1,13277,,,
Phillip Ervin,-.37,-.42,1.38,,0.1,14738,,,
Juan Minaya,,,,.38,0.1,10341,,,
Sammy Solis,,,,.36,0.1,11457,,,
Michael Lorenzen,-1.01,1.36,.08,.05,0.1,14843,,,
Mike Dunn,,,,.32,0.0,9948,,,
Carlos Asuaje,-6.48,11.20,-4.25,,0.0,15197,,,
Austin Brice,-1.15,.29,.00,.88,0.0,17237,,,
Deolis Guerra,,,,.31,0.0,8410,,,
Christian Walker,1.98,-1.57,.00,,0.0,13419,,,
Tyler Smith,-1.25,1.52,.12,,0.0,12490,,,
Hunter Wood,,,,.25,0.0,15091,,,
Ichiro Suzuki,-6.48,7.11,-.27,,0.0,1101,,,
Hansel Robles,.15,.28,.00,-.06,0.0,11801,,,
Andrew Triggs,,,,.21,0.0,13533,,,
Shane Robinson,-3.26,1.98,1.58,,0.0,4249,,,
Zac Rosscup,,,,.19,0.0,9419,,,
Jacob Stallings,1.11,-.94,.10,,0.0,13723,,,
Stephen Drew,-2.73,2.13,.85,,0.0,4251,,,
Chris Stratton,-2.01,.66,.00,1.06,0.0,13761,,,
Victor Caratini,-2.29,2.18,.35,,0.0,14968,,,
Zack Granite,-5.19,4.62,.81,,0.0,15343,,,
Gabriel Moya,,,,.16,0.0,16348,,,
Jared Hoying,-4.90,2.73,2.41,,0.0,10882,,,
Giovanny Gallegos,,,,.15,0.0,14986,,,
Grant Dayton,,,,.15,0.0,11203,,,
Kevin Shackelford,-.11,.50,.00,-.11,0.0,11012,,,
Roberto Perez,-8.49,8.98,-.28,,0.0,2900,,,
Will Middlebrooks,-2.71,1.61,1.30,,0.0,7002,,,
Ryan Dull,,,,.13,0.0,13974,,,
Tim Locastro,-.25,.04,.40,,0.0,15124,,,
Brandon Workman,,,,.12,0.0,11428,,,
Raffy Lopez,-.36,.00,.54,,0.0,12606,,,
Enny Romero,-.32,.08,.00,.28,0.0,4001,,,
Robert Whalen,,,,.11,0.0,14165,,,
Blake Swihart,-.10,.26,.00,,0.0,13176,,,
Max Stassi,.03,-.20,.32,,0.0,10059,,,
Anthony Santander,-1.18,1.31,.00,,0.0,14551,,,
Luke Voit,-2.73,1.76,1.10,,0.0,14811,,,
Chasen Shreve,-.57,.45,.00,.15,0.0,10855,,,
Magneuris Sierra,-1.67,.69,1.07,,0.0,17023,,,
Chad Huffman,-.27,.26,.10,,0.0,5311,,,
O'Koyea Dickson,-.53,.58,.00,,0.0,12677,,,
Deven Marrero,-14.10,10.81,3.30,,0.0,13325,,,
Evan Gattis,-.93,.01,.93,,0.0,11003,,,
Ryan Lavarnway,-.30,.18,.12,,0.0,8879,,,
Dustin Fowler,.00,.00,.00,,0.0,17098,,,
Roenis Elias,,,,-.01,0.0,12673,,,
Ryan McMahon,-1.46,1.34,.10,,0.0,15112,,,
Kennys Vargas,-5.33,4.37,.92,,0.0,12101,,,
Matt den Dekker,-1.00,.94,.00,,0.0,11385,,,
Daniel Descalso,-3.39,-.46,1.53,1.50,0.0,8392,,,
Dovydas Neverauskas,,,,-.06,0.0,11604,,,
Ashur Tolliver,,,,-.07,0.0,10044,,,
Alex Gordon,-24.58,22.69,1.76,,0.0,5209,,,
Cam Gallagher,-.29,.16,.00,,0.0,12981,,,
Zac Curtis,,,,-.10,0.0,16684,,,
Javy Guerra,-.32,.09,.00,.06,0.0,7407,,,
Carlos Rodon,.26,.61,.12,-.79,0.0,16137,,,
Ernesto Frieri,,,,-.17,0.0,5178,,,
Tommy La Stella,6.63,-6.99,.07,,0.0,12371,,,
Rob Brantly,1.49,.15,-.96,-.65,0.0,10655,,,
Derek Fisher,-5.80,6.28,-.79,,0.0,16192,,,
Franchy Cordero,-3.79,2.60,.87,,0.0,14567,,,
Tony Sanchez,-.32,.00,.00,,0.0,6178,,,
John Bormann,-.32,.00,.00,,0.0,18006,,,
Greg Allen,-1.25,.99,-.07,,0.0,16623,,,
Eddie Butler,-2.71,1.02,.00,.90,0.0,13453,,,
Hunter Cervenka,,,,-.23,0.0,10510,,,
Dwight Smith,.96,-2.05,.74,,0.0,13473,,,
Brandon Guyer,-5.83,4.57,.90,,0.0,2636,,,
Anthony Alford,-1.17,.80,.00,,0.0,14329,,,
Jack Leathersich,,,,-.26,0.0,12562,,,
Chris Gimenez,-1.07,.76,1.62,-1.13,0.0,7324,,,
Luis Santos,,,,-.27,0.0,15006,,,
Daniel Stumpf,,,,-.29,0.0,13780,,,
Ian Desmond,-10.81,5.46,4.91,,0.0,6885,,,
Collin McHugh,-.65,.26,.00,-.06,0.0,7531,,,
Mac Williamson,-3.56,3.02,.07,,0.0,14158,,,
Shawn Armstrong,,,,-.32,0.0,12857,,,
Pedro Alvarez,.25,.11,-.84,,0.0,2495,,,
Abraham Almonte,-4.77,2.77,1.51,,0.0,5486,,,
Damien Magnifico,,,,-.34,-0.1,13395,,,
Steven Okert,-.32,.14,.00,-.22,-0.1,13580,,,
Zach Vincej,-.92,.39,.00,,-0.1,13269,,,
Justin Grimm,-1.28,.74,.00,.00,-0.1,11720,,,
Pierce Johnson,,,,-.37,-0.1,13435,,,
Ian Parmley,-.68,.11,.00,,-0.1,13821,,,
Yadiel Rivera,-.57,.00,.00,,-0.1,11863,,,
Hoby Milner,-.65,.88,.00,-.56,-0.1,13346,,,
Franklin Gutierrez,-2.59,1.69,.28,,-0.1,3255,,,
Jimmy Yacabonis,-.57,.34,.00,-.27,-0.1,15157,,,
Gift Ngoepe,-3.05,2.76,-.37,,-0.1,10340,,,
Tyler Cloyd,,,,-.45,-0.1,8536,,,
Ronald Herrera,,,,-.47,-0.1,15688,,,
Yangervis Solarte,-6.54,6.37,-.53,,-0.1,5352,,,
Quintin Berry,-.90,.11,.08,,-0.1,9414,,,
Martin Prado,-6.54,5.23,.60,,-0.1,3312,,,
Grant Green,-.90,.18,.00,,-0.1,10053,,,
T.J. House,,,,-.50,-0.1,9121,,,
Tyler Clippard,,,,-.50,-0.1,5640,,,
Tanner Scott,,,,-.53,-0.1,17586,,,
Chad Qualls,,,,-.54,-0.1,2170,,,
J.C. Ramirez,-.82,.92,.00,-.61,-0.1,8302,,,
Miguel Cabrera,-7.44,10.61,-3.99,,-0.1,1744,,,
Ramon Torres,-4.45,2.81,.82,,-0.1,14113,,,
Efren Navarro,-2.01,1.18,-.01,,-0.1,9854,,,
Jace Peterson,-8.13,4.89,2.39,,-0.1,12325,,,
Brandon Finnegan,-1.64,.13,.00,.41,-0.1,16208,,,
Terrance Gore,-.82,-.64,.52,,-0.1,13658,,,
Aaron Loup,,,,-.63,-0.1,10343,,,
Leonel Campos,,,,-.63,-0.1,12277,,,
Diego Moreno,,,,-.65,-0.1,6238,,,
Jake Esch,,,,-.66,-0.1,12756,,,
Harrison Bader,-3.57,2.62,-.05,,-0.1,18030,,,
Victor Robles,-.96,1.36,-1.44,,-0.1,18363,,,
Tyler Austin,-1.03,.81,-.84,,-0.1,11850,,,
Kyle Martin,,,,-.71,-0.1,14860,,,
Jean Machi,-.32,-1.02,.00,.17,-0.1,3220,,,
Raudy Read,-.97,-.15,.00,,-0.1,15766,,,
Brian Flynn,,,,-.76,-0.1,12027,,,
Ryan LaMarre,-1.64,.49,.00,,-0.1,10700,,,
Gregory Bird,-2.88,3.98,-2.25,,-0.1,14131,,,
David Freitas,-1.48,.12,.19,,-0.1,10619,,,
Gorkys Hernandez,-10.68,9.30,.21,,-0.1,4146,,,
Michael Pineda,-.04,1.37,.00,-1.66,-0.1,5372,,,
Dusty Coleman,-2.48,1.89,-.59,,-0.1,8979,,,
Josh Ravin,-.10,.35,.00,-.95,-0.1,2951,,,
Bobby Wahl,,,,-.79,-0.1,14832,,,
Jack Reinheimer,-1.47,.27,.00,,-0.1,14938,,,
John Ryan Murphy,-1.30,.09,.00,,-0.1,10346,,,
Oliver Perez,,,,-.82,-0.1,1514,,,
Gabriel Ynoa,-.25,.82,.00,-1.20,-0.1,12938,,,
Joe Biagini,-.35,1.17,.00,-1.37,-0.1,13194,,,
Santiago Casilla,,,,-.83,-0.1,2873,,,
Tzu-Wei Lin,-.42,-.29,-.55,,-0.1,14678,,,
Micah Johnson,-1.23,.31,-.34,,-0.1,13809,,,
Geovany Soto,-1.80,1.11,-.57,,-0.1,3707,,,
Steve Selsky,-1.57,.29,.00,,-0.1,12957,,,
Billy Burns,-.93,.06,-.41,,-0.1,12701,,,
Andrew Knapp,-1.49,.00,.21,,-0.1,14942,,,
Alberto Rosario,-1.28,.00,.00,,-0.1,7125,,,
Marc Rzepczynski,,,,-.86,-0.1,6612,,,
Donnie Hart,,,,-.88,-0.1,15306,,,
Tony Cingrani,,,,-.88,-0.1,12555,,,
Edgar Santana,,,,-.89,-0.1,17355,,,
John Hicks,-1.61,-2.07,2.33,,-0.1,12547,,,
Taylor Davis,-1.20,-.28,.12,,-0.1,12782,,,
Brett Eibner,-2.36,1.00,.00,,-0.1,11369,,,
Charlie Culberson,-2.04,.68,.00,,-0.1,3298,,,
Fabio Castillo,,,,-.92,-0.1,2826,,,
Jonathan Holder,,,,-.93,-0.1,16588,,,
Kyle Farmer,-1.54,.02,.12,,-0.1,14813,,,
Kirk Nieuwenhuis,-2.54,1.13,.00,,-0.1,6400,,,
Jandel Gustave,,,,-.96,-0.1,14665,,,
Tanner Scheppers,,,,-.97,-0.1,10267,,,
A.J. Reed,-1.57,.07,.00,,-0.1,16246,,,
Jesus Sucre,-4.42,4.00,1.37,-1.66,-0.2,5942,,,
Scott Van Slyke,-3.33,.54,1.26,,-0.2,4365,,,
Austin Adams,,,,-1.03,-0.2,13801,,,
Patrick Kivlehan,-4.82,3.05,.21,,-0.2,13910,,,
Jorge Lopez,,,,-1.04,-0.2,14527,,,
Arcenio Leon,,,,-1.05,-0.2,8846,,,
Raimel Tapia,-1.15,-.72,.29,,-0.2,14350,,,
Dillon Maples,,,,-1.05,-0.2,14672,,,
Erik Gonzalez,-4.04,2.44,.01,,-0.2,13369,,,
Alex Verdugo,-2.13,.36,.16,,-0.2,17027,,,
Seth Frankoff,,,,-1.10,-0.2,11346,,,
Jason Gurka,,,,-1.10,-0.2,8007,,,
Kevin McGowan,,,,-1.11,-0.2,15215,,,
Francisco Mejia,-1.72,.05,.00,,-0.2,16403,,,
Jesse Hahn,,,,-1.13,-0.2,13287,,,
Justin Marks,,,,-1.13,-0.2,10265,,,
Kyle Crockett,,,,-1.14,-0.2,15033,,,
Jake Smolinski,-1.35,-.39,.00,,-0.2,5408,,,
Shane Carle,,,,-1.18,-0.2,15258,,,
Jose Urena,-9.05,2.27,.12,3.24,-0.2,11589,,,
Cesar Puello,-3.74,1.81,.13,,-0.2,7216,,,
Ryan Rua,-7.92,6.49,-.37,,-0.2,12409,,,
Rubby de la Rosa,,,,-1.20,-0.2,3862,,,
Renato Nunez,-.93,.08,-.96,,-0.2,14503,,,
Clint Frazier,-4.04,2.43,-.22,,-0.2,15983,,,
Tyler Naquin,-3.28,1.28,.16,,-0.2,13359,,,
Jen-Ho Tseng,-.25,-1.02,.00,-.38,-0.2,15524,,,
David Washington,-1.87,.00,.00,,-0.2,12110,,,
Kevin Plawecki,1.43,.13,1.28,-3.16,-0.2,13807,,,
Tony Watson,-.32,1.25,.00,-1.88,-0.2,3132,,,
Willie Calhoun,-.89,-1.12,.10,,-0.2,17838,,,
Tyler Pill,-1.32,.63,.00,-.83,-0.2,12751,,,
Rafael Bautista,-3.58,1.51,.12,,-0.2,15769,,,
John Curtiss,,,,-1.30,-0.2,16128,,,
Steve Lombardozzi,-2.15,.18,.00,,-0.2,5422,,,
Willy Garcia,-2.51,2.47,-1.95,,-0.2,12956,,,
Sandy Alcantara,,,,-1.36,-0.2,18684,,,
Taylor Jungmann,,,,-1.36,-0.2,13119,,,
Troy Scribner,,,,-1.37,-0.2,15570,,,
Ariel Hernandez,-.57,.20,.00,-1.16,-0.2,15603,,,
Daniel Hudson,,,,-1.42,-0.2,7146,,,
Tony Kemp,-3.00,.99,-.12,,-0.2,14894,,,
Jacob Hannemann,-2.35,.62,-.41,,-0.2,15644,,,
Andrew Stevenson,-6.04,3.23,.62,,-0.2,17932,,,
Justin Ruggiano,-3.93,2.02,-.30,,-0.2,7620,,,
Mitch Garver,-2.80,.34,.25,,-0.2,15161,,,
Luke Farrell,,,,-1.49,-0.2,15101,,,
Jason Hursh,,,,-1.50,-0.2,14914,,,
Jordan Luplow,-4.41,2.32,-.18,,-0.2,16424,,,
Jabari Blash,-6.69,3.26,1.13,,-0.2,11247,,,
Jakob Junis,-.97,.42,.00,-1.17,-0.2,13619,,,
Rob Segedin,-1.99,-.56,.25,,-0.2,11446,,,
Jaime Garcia,-3.30,2.23,.00,-.83,-0.2,8137,,,
Matt Bush,,,,-1.55,-0.2,1246,,,
Jose Iglesias,-14.94,11.58,1.00,,-0.2,10231,,,
Omar Narvaez,-2.25,-.92,.80,,-0.2,13338,,,
Bryan Morris,,,,-1.59,-0.2,10234,,,
Keynan Middleton,,,,-1.59,-0.2,15264,,,
Mark Melancon,,,,-1.59,-0.2,4264,,,
Matthew Koch,,,,-1.60,-0.2,13420,,,
Chad Wallach,-2.41,.00,.00,,-0.2,17161,,,
Joe Panik,7.76,-10.49,.33,,-0.2,11936,,,
Ty Blach,-2.17,2.40,.15,-1.87,-0.2,14361,,,
Rex Brothers,,,,-1.65,-0.2,9794,,,
Ryan Raburn,-1.94,.70,-1.24,,-0.2,2218,,,
Mark Zagunis,-2.68,.55,-.36,,-0.2,16565,,,
Joshua Lucas,,,,-1.67,-0.3,11686,,,
Daniel Ortiz,-2.03,-.55,.08,,-0.3,10317,,,
Chris Herrmann,-11.39,5.15,3.72,,-0.3,9284,,,
Jim Johnson,,,,-1.68,-0.3,3656,,,
Johnny Barbato,-.25,.50,.00,-1.86,-0.3,11440,,,
Ildemaro Vargas,-.75,-1.99,.19,,-0.3,13324,,,
Bryan Holaday,-2.66,.00,.10,,-0.3,11287,,,
Yohander Mendez,,,,-1.71,-0.3,14391,,,
Reynaldo Lopez,,,,-1.74,-0.3,16400,,,
William Cuevas,,,,-1.75,-0.3,13331,,,
Tyler Webb,,,,-1.75,-0.3,14974,,,
Roberto Gomez,,,,-1.77,-0.3,12963,,,
Cody Martin,,,,-1.78,-0.3,12182,,,
Rocky Gale,-1.00,-1.69,.00,,-0.3,10533,,,
Ty Kelly,-3.66,.06,.91,,-0.3,7740,,,
Yandy Diaz,-4.20,1.40,.10,,-0.3,16578,,,
Ramon Flores,-1.16,-1.57,.00,,-0.3,11165,,,
Andrew Moore,,,,-1.84,-0.3,17553,,,
Stephen Cardullo,-3.55,1.62,-.86,,-0.3,11204,,,
Keury Mella,,,,-1.86,-0.3,15964,,,
Logan Verrett,,,,-1.88,-0.3,12905,,,
Josh Rutledge,-7.95,3.86,1.26,,-0.3,11167,,,
Drew Anderson,,,,-1.91,-0.3,15130,,,
Anthony Recker,-1.57,-1.65,.32,,-0.3,4063,,,
Nolan Fontana,-3.40,.79,-.30,,-0.3,13267,,,
Stephen Piscotty,-6.51,11.55,-7.97,,-0.3,13367,,,
Kyle Lloyd,-.25,.10,.00,-1.86,-0.3,15378,,,
A.J. Jimenez,-3.12,.04,.12,,-0.3,7077,,,
Hisashi Iwakuma,,,,-1.98,-0.3,13048,,,
Seth Lugo,-3.25,1.08,.25,-.69,-0.3,12447,,,
Breyvic Valera,-1.46,-1.52,.00,,-0.3,12758,,,
Luiz Gohara,-3.08,.47,.00,-.25,-0.3,15166,,,
Yacksel Rios,-.32,.00,.00,-1.79,-0.3,15007,,,
Drew Stubbs,-4.14,1.05,.08,,-0.3,9328,,,
Preston Claiborne,,,,-2.02,-0.3,10500,,,
Alejandro De Aza,-4.55,1.00,.51,,-0.3,3371,,,
Jairo Labourt,,,,-2.03,-0.3,14996,,,
Miguel Gomez,-2.65,-.55,.12,,-0.3,17075,,,
Travis Jankowski,-7.57,2.72,1.77,,-0.3,13768,,,
Mark Canha,-10.10,6.15,.85,,-0.3,11445,,,
Kendall Graveman,-.32,1.56,.00,-2.90,-0.3,15514,,,
Brandon Phillips,-8.70,5.73,-.17,,-0.3,791,,,
Brian Anderson,-1.44,-1.66,-.06,,-0.3,18289,,,
Matt Shoemaker,-.57,.45,.00,-2.04,-0.3,4776,,,
Josh Lindblom,-.57,.14,.00,-1.83,-0.3,7882,,,
Caleb Joseph,-9.47,5.70,.58,,-0.3,7087,,,
Wei-Chung Wang,,,,-2.13,-0.3,14382,,,
Travis Taijeron,-4.96,.65,1.08,,-0.3,11935,,,
Miguel Almonte,,,,-2.17,-0.3,14139,,,
Carlos Moncrief,-3.25,.67,-.69,,-0.3,7511,,,
Sam Travis,-3.31,1.49,-1.46,,-0.3,16263,,,
Johnny Giavotella,-2.08,-1.52,.30,,-0.3,6740,,,
Rey Fuentes,-7.09,2.06,1.72,,-0.3,10329,,,
Tomas Telis,-4.01,1.56,-.87,,-0.3,10067,,,
Mike Ohlman,-1.40,-2.05,.12,,-0.3,10347,,,
Alex Wimmers,,,,-2.25,-0.3,11394,,,
Taylor Featherston,-1.74,-.50,-1.16,,-0.3,12590,,,
Mike Wright,,,,-2.28,-0.3,12586,,,
Lucas Harrell,,,,-2.29,-0.3,7541,,,
Lewis Brinson,-4.43,1.64,-.66,,-0.3,14352,,,
Tomas Nido,-.18,-2.32,-.96,,-0.3,13755,,,
Dan Vogelbach,-3.05,.52,-.96,,-0.3,14130,,,
Yan Gomes,-9.24,5.04,.68,,-0.4,9627,,,
Andrew Susac,-2.73,-.80,.00,,-0.4,13132,,,
Cody Reed,-.65,.29,.00,-2.11,-0.4,15232,,,
Jack Flaherty,-1.65,.35,.00,-1.52,-0.4,17479,,,
Eduardo Nunez,6.39,-11.50,1.52,,-0.4,6848,,,
Carlos Perez,-2.75,-.85,.00,,-0.4,10642,,,
Gordon Beckham,-2.86,-.28,-.47,,-0.4,9015,,,
Anthony Banda,-1.32,.24,.00,-1.69,-0.4,14706,,,
Timothy Melville,,,,-2.43,-0.4,9149,,,
Adrian Sanchez,-3.74,1.36,-1.27,,-0.4,11338,,,
Matthew Dermody,,,,-2.44,-0.4,14844,,,
Nick Gardewine,,,,-2.45,-0.4,16513,,,
Rio Ruiz,-9.15,3.78,1.70,,-0.4,14103,,,
Tim Mayza,,,,-2.45,-0.4,15042,,,
Mason Williams,-.98,-3.91,1.19,,-0.4,11859,,,
John Gant,-.75,.39,.00,-2.22,-0.4,13684,,,
Maikel Franco,-18.91,12.72,2.49,,-0.4,12179,,,
Pedro Severino,-3.56,-.18,.00,,-0.4,14523,,,
Jose Peraza,-22.11,11.94,6.41,,-0.4,13593,,,
Jarred Cosart,-.85,.44,.00,-2.28,-0.4,10304,,,
Tommy Layne,,,,-2.55,-0.4,7501,,,
Kristopher Negron,-2.31,-.83,-.69,,-0.4,5306,,,
Brian Johnson,-.50,.45,.00,-2.53,-0.4,14272,,,
Kaleb Cowart,-3.59,-.81,.53,,-0.4,11494,,,
Junichi Tazawa,-.25,.23,.00,-2.57,-0.4,4079,,,
Michael Morse,-3.04,-.85,.00,,-0.4,3035,,,
Hyun Soo Kim,-10.54,5.32,1.32,,-0.4,18718,,,
Cristhian Adames,-3.36,-.54,.00,,-0.4,6013,,,
Jae-Gyun Hwang,-6.01,1.82,.30,,-0.4,19369,,,
Blaine Boyer,,,,-2.63,-0.4,2237,,,
Paulo Orlando,-8.45,4.18,.31,,-0.4,8628,,,
Nick Wittgren,-1.07,.58,.00,-2.32,-0.4,15594,,,
Chris Heisey,-8.01,3.74,.30,,-0.4,3978,,,
Ben Taylor,,,,-2.65,-0.4,18114,,,
Kyle Higashioka,-4.34,.23,.12,,-0.4,5517,,,
Rajai Davis,-18.47,5.33,9.13,,-0.4,3708,,,
Joe Musgrove,-1.32,2.37,.00,-3.37,-0.4,12970,,,
Jeff Beliveau,,,,-2.68,-0.4,8504,,,
Chris O'Grady,-2.22,.41,.00,-1.53,-0.4,13818,,,
Nick Franklin,-7.46,1.65,1.68,,-0.4,10166,,,
Buddy Boshers,,,,-2.76,-0.4,8490,,,
Justin Haley,,,,-2.77,-0.4,13572,,,
Josh Edgin,,,,-2.77,-0.4,10796,,,
Jose De Leon,,,,-2.77,-0.4,15463,,,
Emilio Bonifacio,-5.05,.89,.00,,-0.4,4054,,,
Walker Buehler,,,,-2.78,-0.4,19374,,,
Dillon Peters,-2.54,.95,.00,-1.73,-0.4,18790,,,
Tyler White,2.30,-4.53,-.28,-1.12,-0.4,15564,,,
Ricardo Rodriguez,,,,-2.80,-0.4,15458,,,
Marco Hernandez,-2.75,-.80,-.66,,-0.4,13154,,,
Kyle Ryan,,,,-2.81,-0.4,11753,,,
Travis d'Arnaud,-6.02,.01,1.79,,-0.4,7739,,,
Heath Hembree,,,,-2.82,-0.4,11632,,,
Michael Martinez,-3.95,.04,-.28,-.05,-0.4,7358,,,
Robbie Ross,,,,-2.87,-0.4,6819,,,
Niko Goodrum,-3.94,-.58,.20,,-0.4,12092,,,
Juan Centeno,-2.93,.32,-1.72,,-0.4,7168,,,
Sean Gilmartin,.80,.00,.19,-3.55,-0.4,12781,,,
Christian Colon,-7.24,2.36,.54,,-0.4,11145,,,
Carlos Estevez,,,,-2.90,-0.4,14542,,,
Ruben Tejada,-8.35,3.39,.61,,-0.4,5519,,,
Taylor Cole,,,,-2.92,-0.4,11964,,,
Tom Wilhelmsen,-.32,.23,.00,-2.88,-0.4,9975,,,
Jaff Decker,-2.79,-2.57,.78,,-0.5,7945,,,
Neftali Feliz,,,,-3.06,-0.5,18,,,
Franklin Barreto,-5.88,-.28,1.55,,-0.5,15519,,,
Dillon Gee,,,,-3.08,-0.5,7396,,,
Jason Wheeler,,,,-3.09,-0.5,13128,,,
Rob Scahill,-.32,.25,.00,-3.04,-0.5,9286,,,
Matt Strahm,,,,-3.09,-0.5,13799,,,
Dan Runzler,,,,-3.11,-0.5,4080,,,
Dario Alvarez,,,,-3.12,-0.5,14239,,,
Chris Smith,,,,-3.13,-0.5,14449,,,
Josh Smith,,,,-3.16,-0.5,10946,,,
Aaron Blair,.79,.04,.00,-3.74,-0.5,14934,,,
Julio Urias,-.94,-2.86,.00,-.67,-0.5,14765,,,
Henderson Alvarez,-1.65,.55,.00,-2.49,-0.5,5669,,,
Amed Rosario,-8.74,3.22,.68,,-0.5,15518,,,
Dietrich Enns,.07,-1.02,.00,-2.60,-0.5,13932,,,
Kelvin Herrera,,,,-3.23,-0.5,6033,,,
Brad Ziegler,,,,-3.25,-0.5,7293,,,
Max Povse,,,,-3.25,-0.5,16165,,,
Danny Santana,-11.03,3.25,2.84,,-0.5,10322,,,
Randy Rosario,,,,-3.31,-0.5,14508,,,
Artie Lewicki,,,,-3.32,-0.5,16731,,,
Matt Holliday,-6.58,.14,1.44,,-0.5,1873,,,
Victor Alcantara,,,,-3.35,-0.5,15028,,,
T.J. McFarland,-.82,1.41,.00,-3.74,-0.5,3237,,,
Chris Marrero,-6.65,1.28,.32,,-0.5,2852,,,
Glen Perkins,,,,-3.37,-0.5,8041,,,
Erik Goeddel,,,,-3.37,-0.5,11712,,,
Daniel Ray Robertson,-10.80,7.48,-1.74,,-0.5,14145,,,
Tyler Moore,-8.75,3.73,-.10,,-0.5,7244,,,
Kevin Siegrist,,,,-3.43,-0.5,8180,,,
Kelby Tomlinson,-8.66,-1.46,4.97,,-0.5,13005,,,
Evan Marshall,,,,-3.43,-0.5,12297,,,
Rickie Weeks Jr.,-4.05,-.57,-.62,,-0.5,1849,,,
Ian Krol,-.25,-.01,.00,-3.34,-0.5,10066,,,
Raul Alcantara,,,,-3.53,-0.5,12790,,,
Ryan Hanigan,-4.40,-.74,-.15,,-0.5,4952,,,
Jason Castro,-7.16,2.51,-.66,,-0.5,8722,,,
Alcides Escobar,-29.14,20.92,2.91,,-0.5,6310,,,
Jhonny Peralta,-6.30,1.77,-.84,,-0.5,1738,,,
Steven Brault,-.78,1.08,.00,-3.82,-0.5,15291,,,
Caleb Smith,,,,-3.62,-0.5,14875,,,
Luke Jackson,-.35,.53,.00,-3.77,-0.5,11752,,,
Jonathan Lucroy,-4.75,.02,-.78,,-0.6,7870,,,
Barrett Astin,-.32,.30,.00,-3.66,-0.6,14812,,,
Dan Altavilla,,,,-3.70,-0.6,16507,,,
Matt Reynolds,-5.98,1.15,-.79,,-0.6,13788,,,
Ryan Flaherty,-2.63,-3.40,.40,,-0.6,7888,,,
Seth Maness,,,,-3.76,-0.6,12235,,,
Rob Zastryzny,-.04,.40,.00,-4.00,-0.6,15094,,,
Alen Hanson,-13.19,5.83,1.70,,-0.6,12926,,,
J.T. Riddle,-10.28,5.61,-1.01,,-0.6,17642,,,
Fernando Salas,.14,.61,.00,-4.31,-0.6,4971,,,
Sean Manaea,-.42,1.13,.00,-4.31,-0.6,15873,,,
Adam Kolarek,,,,-3.84,-0.6,10843,,,
Yunel Escobar,-6.57,3.05,-2.24,,-0.6,4191,,,
Luis Sardinas,-6.84,.11,.55,.28,-0.6,13153,,,
Alex Wilson,,,,-3.86,-0.6,9239,,,
Chase DeJong,,,,-3.88,-0.6,15036,,,
Evan Scribner,,,,-3.89,-0.6,7525,,,
Ryan Goins,-19.80,15.23,-1.31,,-0.6,9807,,,
Jake Barrett,,,,-3.94,-0.6,13322,,,
J.P. Howell,,,,-3.97,-0.6,8245,,,
Jordan Jankowski,,,,-4.01,-0.6,13313,,,
Dominic Smith,-8.81,3.70,-.90,,-0.6,15653,,,
Bruce Rondon,,,,-4.02,-0.6,5766,,,
Miguel Montero,-7.38,.01,1.77,-.31,-0.6,3364,,,
Tony Sipp,-.25,.83,.00,-4.45,-0.6,8280,,,
Max Fried,-1.49,.20,.00,-3.20,-0.6,13743,,,
Alejandro Chacin,,,,-4.07,-0.6,13530,,,
Sean Rodriguez,-10.80,2.61,2.06,,-0.6,6589,,,
Dylan Floro,-1.61,.15,.00,-3.14,-0.6,13394,,,
A.J. Cole,-1.79,.46,.00,-3.23,-0.6,11467,,,
Jacob May,-7.67,1.20,.27,,-0.6,14876,,,
Drew Rucinski,,,,-4.14,-0.6,12499,,,
Aaron Hill,-6.60,-.19,.56,,-0.6,6104,,,
Chase d'Arnaud,-5.28,-2.00,1.04,,-0.6,6652,,,
Guillermo Heredia,-14.03,9.36,-1.59,,-0.6,18721,,,
Adrian Gonzalez,-9.93,4.15,-.49,,-0.6,1908,,,
Mike Tauchman,-1.60,-3.92,-.76,,-0.6,15274,,,
Jacob Rhame,,,,-4.20,-0.6,15267,,,
Zachary Neal,,,,-4.21,-0.6,11294,,,
Tim Anderson,-26.01,13.08,6.63,,-0.6,15172,,,
Eric O'Flaherty,,,,-4.22,-0.6,5746,,,
Angel Sanchez,-.25,.25,.00,-4.24,-0.6,11776,,,
Chad Pinder,-5.44,3.64,-4.59,,-0.6,15191,,,
Sandy Leon,-11.67,8.68,-3.41,,-0.6,5273,,,
Adam Wainwright,-.79,2.83,.12,-5.74,-0.6,2233,,,
J.J. Hardy,-18.26,12.26,-.46,,-0.6,3797,,,
Hector Santiago,,,,-4.32,-0.6,4026,,,
Blake Wood,-.32,1.07,.00,-4.83,-0.7,1345,,,
Leonys Martin,-12.14,5.58,2.68,-1.78,-0.7,11846,,,
Drew Robinson,-1.80,-2.57,-2.19,,-0.7,11761,,,
Paolo Espino,-.22,.25,.00,-4.40,-0.7,8246,,,
Wilson Ramos,-5.46,.38,-1.56,,-0.7,1433,,,
Hector Sanchez,-7.05,-.14,.51,,-0.7,10289,,,
Jumbo Diaz,,,,-4.47,-0.7,3397,,,
Craig Breslow,,,,-4.47,-0.7,4363,,,
Dustin Garneau,-8.13,.48,.93,,-0.7,9433,,,
Drew Storen,-.25,.53,.00,-4.67,-0.7,6983,,,
Wilmer Font,,,,-4.49,-0.7,5257,,,
Jayson Aquino,-.65,-1.02,.00,-3.39,-0.7,13150,,,
Tyler Skaggs,-.32,.19,.00,-4.40,-0.7,10190,,,
Mike Napoli,-14.61,7.66,.19,,-0.7,3057,,,
Tuffy Gosewisch,-6.90,.00,.12,,-0.7,5277,,,
Joc Pederson,-1.94,-5.97,1.10,,-0.7,11899,,,
Troy Tulowitzki,-9.57,6.34,-3.60,,-0.7,3531,,,
Edward Mujica,,,,-4.55,-0.7,3970,,,
Mike Morin,,,,-4.57,-0.7,13442,,,
Oliver Drake,,,,-4.57,-0.7,8823,,,
Zac Reininger,,,,-4.60,-0.7,15285,,,
Dustin McGowan,-1.79,.87,.00,-3.99,-0.7,8600,,,
Jonathan Villar,-16.92,1.94,8.06,,-0.7,10071,,,
Luke Gregerson,,,,-4.65,-0.7,4090,,,
Tyler Wade,-7.54,-.55,1.10,,-0.7,15730,,,
Sam Moll,,,,-4.66,-0.7,14874,,,
Glenn Sparkman,,,,-4.66,-0.7,15200,,,
Raul Mondesi,-6.66,-.70,.32,,-0.7,13769,,,
Eric Fryer,-7.72,.58,.07,,-0.7,8145,,,
Jairo Diaz,,,,-4.74,-0.7,12774,,,
Chris Carter,-10.27,4.24,-1.09,,-0.7,9911,,,
Carson Kelly,-8.04,.54,.39,,-0.7,13620,,,
Richard Urena,-4.68,-2.46,-.04,,-0.7,16411,,,
Jarrod Saltalamacchia,-6.38,-.83,.00,,-0.7,5557,,,
Carlos Torres,,,,-4.82,-0.7,7624,,,
Anthony Bass,,,,-4.84,-0.7,7982,,,
Chris B Young,-3.92,-2.15,-1.23,,-0.7,3882,,,
Mike Mayers,,,,-4.87,-0.7,15451,,,
Chad Bettis,-1.71,1.01,.20,-4.56,-0.7,10587,,,
Chris Coghlan,-5.03,-2.23,-.08,,-0.7,6878,,,
Tyler Wilson,,,,-4.91,-0.7,12691,,,
Dayan Diaz,,,,-4.95,-0.7,11543,,,
Michael Tonkin,,,,-4.95,-0.7,10315,,,
Neil Ramirez,-.32,.43,.00,-5.02,-0.7,7677,,,
Adonis Garcia,-11.18,3.76,-.07,,-0.7,13777,,,
Alec Asher,-.25,.62,.00,-5.24,-0.7,13560,,,
Andres Blanco,-9.15,3.11,.24,-1.15,-0.8,1907,,,
Jeremy Guthrie,,,,-5.02,-0.8,2072,,,
Kyle Kendrick,-.18,.20,.00,-5.04,-0.8,6230,,,
Orlando Calixte,-7.10,-1.15,.69,,-0.8,11905,,,
Daniel Roger Robertson,-5.14,-.73,-1.71,,-0.8,6266,,,
JaCoby Jones,-16.63,8.44,.57,,-0.8,14818,,,
Aledmys Diaz,-9.95,1.62,.71,,-0.8,15937,,,
Brock Holt,-9.80,3.96,-1.79,,-0.8,9345,,,
Trayce Thompson,-5.51,-2.46,.32,,-0.8,9952,,,
Luis Cessa,,,,-5.13,-0.8,13345,,,
Andres Machado,,,,-5.15,-0.8,14681,,,
Felix Hernandez,,,,-5.18,-0.8,4772,,,
Carlos Ruiz,-5.06,.10,.20,-2.04,-0.8,2579,,,
Jonathan Broxton,,,,-5.23,-0.8,4759,,,
Conor Gillaspie,-7.59,.09,-.38,,-0.8,9009,,,
Xavier Cedeno,,,,-5.35,-0.8,36,,,
Josh Phegley,-9.43,.60,.79,,-0.8,9308,,,
Austin Hedges,-19.76,12.54,-.82,,-0.8,12976,,,
Jeff Ferrell,,,,-5.38,-0.8,11506,,,
Tommy Joseph,-16.29,7.38,.78,,-0.8,10349,,,
Tony Barnette,,,,-5.47,-0.8,3555,,,
Christian Bergman,-.25,.78,.00,-5.83,-0.8,10925,,,
Drew Butera,-8.36,-.26,.41,,-0.8,3411,,,
Ryon Healy,-9.40,3.22,-2.05,,-0.8,15447,,,
Michael Blazek,-1.03,.10,.00,-4.87,-0.8,9654,,,
Hyun-Jin Ryu,-3.73,1.00,.27,-3.86,-0.8,14444,,,
Josh Tomlin,-1.26,1.31,.00,-5.53,-0.8,9388,,,
Derek Norris,-9.21,1.53,-.57,,-0.8,6867,,,
Onelki Garcia,,,,-5.52,-0.8,13674,,,
Stephen Vogt,-4.52,-1.55,-2.21,,-0.8,5000,,,
Brock Stassi,-6.31,.32,-2.37,,-0.8,12244,,,
Jesen Therrien,-.65,.40,.00,-5.41,-0.8,15853,,,
Scott Oberg,,,,-5.60,-0.8,13911,,,
Michael Brady,,,,-5.60,-0.8,8461,,,
Tom Murphy,-5.01,-3.60,.19,,-0.8,13499,,,
Aaron Sanchez,,,,-5.62,-0.8,11490,,,
Clay Buchholz,-.65,.00,.00,-5.23,-0.8,3543,,,
Jose Bautista,-20.32,13.57,-1.77,,-0.9,1887,,,
Trevor Gott,,,,-5.68,-0.9,15046,,,
Jeff Mathis,-13.49,4.80,.17,,-0.9,3448,,,
Ben Lively,-1.02,.79,.00,-5.54,-0.9,14932,,,
Matt Andriese,,,,-5.72,-0.9,12022,,,
Jace Fry,,,,-5.73,-0.9,16159,,,
Alex Mejia,-8.07,-.76,.10,,-0.9,13877,,,
Juan Graterol,-9.82,1.30,-.23,,-0.9,5398,,,
Seung Hwan Oh,,,,-5.85,-0.9,18719,,,
Francis Martes,,,,-5.87,-0.9,17303,,,
Adam Ottavino,,,,-5.88,-0.9,1247,,,
John Jaso,-2.06,-5.69,-1.07,,-0.9,5887,,,
Cameron Perkins,-7.49,-.53,-.87,,-0.9,13444,,,
Marco Estrada,-1.28,1.68,.00,-6.24,-0.9,1118,,,
Christian Bethancourt,-1.32,.00,.00,-5.10,-0.9,10028,,,
John Axford,,,,-6.05,-0.9,9059,,,
Victor Martinez,-9.86,.00,.73,,-0.9,393,,,
Derek Law,,,,-6.09,-0.9,13133,,,
Sean Newcomb,-6.27,.99,.19,-2.70,-0.9,16943,,,
Pete Kozma,-6.42,.32,-3.04,,-0.9,2539,,,
Reymin Guduan,,,,-6.10,-0.9,13058,,,
Julio Teheran,-7.33,2.96,-.64,-2.78,-0.9,6797,,,
Brad Goldberg,,,,-6.15,-0.9,14776,,,
Kevin Quackenbush,-.32,.45,.00,-6.25,-0.9,12360,,,
Brett Nicholas,-3.13,.05,-2.47,-2.53,-0.9,11192,,,
Buck Farmer,,,,-6.26,-0.9,14814,,,
Andrew Romine,-15.59,7.08,-.37,-.38,-0.9,1159,,,
Jefry Marte,-8.52,-.19,-.77,,-0.9,5107,,,
Austin Hays,-5.30,-3.56,-.72,,-1.0,19363,,,
Warwick Saupold,,,,-6.39,-1.0,13211,,,
Austin Bibens-Dirkx,-.97,1.02,.00,-6.45,-1.0,9559,,,
Bryan Mitchell,.00,-2.86,.00,-4.51,-1.0,11479,,,
Austin Romine,-17.06,7.76,-.42,,-1.0,5491,,,
Matt Kemp,-7.49,1.12,-3.38,,-1.0,5631,,,
Taylor Motter,-19.56,6.07,3.62,,-1.0,12399,,,
Tyler Collins,-9.22,2.85,-3.51,,-1.0,12723,,,
Jake Buchanan,.47,-.38,.00,-6.65,-1.0,10962,,,
Mike Aviles,-5.27,-1.96,-2.69,,-1.0,5986,,,
Felix Jorge,,,,-6.63,-1.0,14532,,,
Felix Pena,-.49,.53,.00,-6.66,-1.0,13403,,,
Michael Saunders,-13.36,1.57,1.84,,-1.0,9981,,,
Dillon Overton,-.32,.14,.00,-6.51,-1.0,15627,,,
Cheslor Cuthbert,-8.85,-.69,-.42,,-1.0,10473,,,
Rob Refsnyder,-9.43,1.08,-1.62,,-1.0,13770,,,
Cody Asche,-9.05,-.26,-.69,,-1.0,11997,,,
Adam Engel,-28.46,16.37,2.08,,-1.0,15082,,,
J.J. Hoover,,,,-6.71,-1.0,9037,,,
Mike Hauschild,,,,-6.76,-1.0,14033,,,
Arismendy Alcantara,-13.90,2.30,1.43,,-1.0,10711,,,
Salvador Perez,-3.64,-8.53,1.98,,-1.0,7304,,,
Pablo Sandoval,-14.99,5.10,-.32,,-1.0,5409,,,
Chris Rowley,,,,-6.85,-1.0,18820,,,
Ariel Miranda,-1.72,-.60,.00,-5.32,-1.0,17526,,,
Mat Latos,-.75,.24,.00,-6.55,-1.0,3815,,,
Dixon Machado,-9.00,-.70,-.76,,-1.0,11472,,,
Miguel Socolovich,-.25,.24,.00,-7.00,-1.1,6697,,,
Brooks Pounders,,,,-7.02,-1.1,10387,,,
Joe Blanton,.33,.44,.00,-7.60,-1.1,4849,,,
Tyler Saladino,-25.63,13.79,1.21,,-1.1,10807,,,
Dan Straily,-12.01,1.57,.19,-.27,-1.1,9460,,,
Michael Ynoa,,,,-7.22,-1.1,14093,,,
Erick Fedde,-1.07,.14,.00,-6.65,-1.1,17425,,,
Jaycob Brugman,-2.49,-7.53,-.91,,-1.1,14936,,,
Brandon Moss,-11.83,.61,.18,,-1.1,4467,,,
David Paulino,,,,-7.38,-1.1,17418,,,
Myles Jaye,,,,-7.41,-1.1,11769,,,
Jacob Turner,-.77,.33,.00,-7.13,-1.1,10185,,,
Rougned Odor,-31.08,19.26,.67,,-1.1,12282,,,
Chris Heston,,,,-7.46,-1.1,10302,,,
Phil Gosselin,-7.09,-3.07,-1.10,,-1.1,10953,,,
Richard Rodriguez,,,,-7.53,-1.1,13549,,,
Chris Stewart,-13.63,1.34,.97,,-1.1,3878,,,
Sal Romano,-5.45,1.49,.00,-4.96,-1.1,13690,,,
Brandon Maurer,,,,-7.60,-1.1,4878,,,
Tyler Chatwood,-4.46,3.36,.59,-7.26,-1.1,4338,,,
Dansby Swanson,-19.81,9.86,-1.47,,-1.1,18314,,,
Hanley Ramirez,-5.90,1.89,-7.42,,-1.1,8001,,,
Jose Valdez,,,,-7.63,-1.1,14470,,,
Sam Gaviglio,-.69,.42,.12,-7.57,-1.1,12778,,,
Paul Janish,-5.57,-5.42,-.72,,-1.2,7412,,,
Joshua Osich,,,,-7.84,-1.2,11528,,,
Zach Lee,-.75,-1.02,.00,-6.71,-1.2,11468,,,
Jeff Locke,-2.83,.20,.00,-6.14,-1.2,2929,,,
Jake Thompson,-1.13,.34,.00,-7.46,-1.2,14371,,,
Jose Osuna,-9.03,-4.81,1.85,,-1.2,12937,,,
Jeanmar Gomez,,,,-8.01,-1.2,9033,,,
Jameson Taillon,-6.59,1.78,.12,-4.90,-1.2,11674,,,
Mike Freeman,-8.99,-2.66,.56,-.66,-1.2,11241,,,
Christian Arroyo,-10.83,.58,-2.04,,-1.2,16434,,,
Ryne Stanek,,,,-8.20,-1.2,15947,,,
Tony Wolters,-11.56,.27,-1.09,,-1.2,11470,,,
Cory Mazzoni,,,,-8.26,-1.2,12537,,,
Luke Maile,-17.32,2.61,2.26,,-1.2,13355,,,
Stefan Crichton,,,,-8.31,-1.2,16058,,,
Ian Kennedy,.29,-.52,.00,-8.17,-1.2,6986,,,
Kendrys Morales,-9.32,-.72,-2.47,,-1.3,8610,,,
Kyle Freeland,-7.53,2.02,.12,-4.78,-1.3,16256,,,
Joe Jimenez,,,,-8.54,-1.3,15761,,,
Michael Feliz,-.32,-.59,.00,-7.98,-1.3,11903,,,
Jett Bandy,-9.54,-3.54,.10,,-1.3,12508,,,
Blaine Hardy,,,,-8.68,-1.3,6499,,,
Ryder Jones,-15.09,1.66,.38,,-1.3,15982,,,
Eric Skoglund,,,,-8.70,-1.3,16155,,,
Jake Petricka,,,,-8.83,-1.3,10534,,,
Jesse Chavez,-1.47,1.17,.00,-8.76,-1.3,5448,,,
Jhan Marinez,-.74,.73,.00,-9.05,-1.4,5830,,,
Miguel Gonzalez,-1.17,1.51,.00,-9.29,-1.4,7024,,,
Jose Lobaton,-12.99,-2.48,1.78,,-1.4,4243,,,
A.J. Ellis,-6.02,-5.23,-2.46,,-1.4,5677,,,
Shawn Kelley,,,,-9.15,-1.4,7773,,,
Tyler Anderson,-6.29,.91,.00,-5.58,-1.4,12880,,,
Vince Velasquez,-2.23,.52,.00,-8.02,-1.4,11189,,,
Joely Rodriguez,.00,.50,.00,-9.54,-1.4,11487,,,
Lucas Sims,-3.19,-.59,.00,-6.75,-1.4,13470,,,
Kevan Smith,-6.99,-7.26,.33,,-1.4,12284,,,
Jorge Soler,-11.37,-1.28,-1.29,,-1.4,14221,,,
Antonio Bastardo,.33,.00,.00,-9.52,-1.4,8844,,,
Giovanny Urshela,-12.61,-1.30,-.13,,-1.4,10681,,,
Nick Tepesch,-.65,.42,.00,-9.23,-1.4,11716,,,
Braden Shipley,-1.65,.00,.00,-8.42,-1.4,15158,,,
Francisco Cervelli,-4.70,-7.95,-1.71,,-1.4,5275,,,
Chad Kuhl,-8.70,2.13,-.96,-4.61,-1.4,14975,,,
Adalberto Mejia,,,,-9.65,-1.4,13188,,,
Brett Anderson,-.93,1.08,.00,-9.90,-1.5,8223,,,
Patrick Corbin,-7.50,3.53,.47,-7.58,-1.5,9323,,,
Casey Fien,,,,-9.96,-1.5,3926,,,
Drew VerHagen,,,,-9.99,-1.5,13424,,,
Scott Feldman,-8.37,2.12,.00,-5.87,-1.5,6283,,,
Jerad Eickhoff,-4.37,1.39,.08,-8.12,-1.5,12664,,,
Matt Wisler,-.35,.47,.00,-10.14,-1.5,12804,,,
Darwin Barney,-22.06,6.34,.57,,-1.5,2430,,,
Austin Pruitt,.00,.57,.00,-10.57,-1.5,15290,,,
Jason Hammel,-2.46,1.23,.00,-9.38,-1.5,4538,,,
Jason Grilli,,,,-10.30,-1.5,521,,,
Frankie Montas,,,,-10.31,-1.5,14309,,,
Jeremy Jeffress,-.65,1.27,.00,-10.76,-1.6,9490,,,
Cesar Valdez,,,,-10.40,-1.6,9013,,,
Marco Gonzales,.28,-.25,.08,-10.53,-1.6,15467,,,
Josh Collmenter,,,,-10.57,-1.6,7312,,,
Francisco Rodriguez,,,,-10.58,-1.6,1642,,,
Ricardo Pinto,-.32,-.72,.12,-9.98,-1.6,16318,,,
Gavin Cecchini,-7.39,-7.19,-1.36,,-1.6,17005,,,
Matt Garza,-7.09,.52,.10,-6.35,-1.6,3340,,,
Carlos Beltran,-16.73,1.38,-.67,,-1.6,589,,,
Erick Aybar,-11.41,-3.16,-2.47,.67,-1.6,4082,,,
Junior Guerra,-3.56,-.25,.00,-8.18,-1.6,5702,,,
German Marquez,-5.56,1.35,.12,-8.01,-1.6,15038,,,
Zack Wheeler,-5.39,1.06,.19,-8.05,-1.6,10310,,,
Steven Matz,-3.19,1.03,.00,-9.43,-1.6,13361,,,
Lisalverto Bonilla,-.35,.33,.00,-10.92,-1.6,11266,,,
Andrew Heaney,,,,-11.03,-1.7,15423,,,
John Lackey,-7.90,2.72,.47,-8.11,-1.7,1507,,,
Daniel Norris,,,,-11.33,-1.7,13475,,,
Ivan Nova,-12.99,3.75,-.96,-4.56,-1.7,1994,,,
Brian Ellington,-.25,.34,.00,-11.60,-1.7,17233,,,
Trevor Plouffe,-22.58,5.16,.12,,-1.7,7462,,,
Robert Stephenson,-6.30,-1.35,.00,-6.64,-1.8,13594,,,
Nik Turley,-.50,.14,.00,-11.55,-1.8,5530,,,
Adam Wilk,-.25,.31,.00,-11.85,-1.8,8421,,,
Joe Ross,-4.24,.72,.08,-9.55,-1.8,12972,,,
Adam Rosales,-18.26,2.28,-1.82,,-1.8,9682,,,
Luis Perdomo,-6.08,2.41,.19,-9.61,-1.8,14682,,,
A.J. Griffin,-1.29,.49,-.96,-10.77,-1.8,11132,,,
Tyson Ross,,,,-11.97,-1.8,7872,,,
Francisco Liriano,,,,-12.04,-1.8,3201,,,
Mike Bolsinger,,,,-12.04,-1.8,11137,,,
Josh Smoker,-.90,.43,.00,-11.77,-1.8,10285,,,
Vidal Nuno,-.25,.00,.00,-11.97,-1.8,9674,,,
Miguel Diaz,-.60,.39,.00,-12.01,-1.8,18815,,,
Matt Davidson,-17.23,4.60,-5.64,,-1.8,7226,,,
James Shields,,,,-12.22,-1.8,7059,,,
Phil Hughes,,,,-12.47,-1.9,7450,,,
Allen Cordoba,-12.38,-3.04,-3.29,,-1.9,15722,,,
R.A. Dickey,-8.84,4.04,-.96,-8.82,-1.9,1245,,,
Matt Boyd,-.04,.70,.00,-13.11,-1.9,15440,,,
Kevin Gausman,-.57,1.63,.00,-13.55,-1.9,14107,,,
Mark Trumbo,-21.15,.14,1.65,,-1.9,6876,,,
Chris R Young,,,,-12.92,-1.9,3196,,,
Asher Wojciechowski,-3.59,.17,.00,-10.74,-2.0,10836,,,
Devin Mesoraco,-2.87,-16.57,-.17,,-2.0,5666,,,
Jeremy Hellickson,-4.45,2.45,.00,-11.75,-2.0,4371,,,
Nick Martinez,.01,.87,.00,-13.69,-2.0,12730,,,
Jeff Hoffman,-7.04,1.28,.86,-10.02,-2.0,17432,,,
Chris M Smith,-.25,.41,.00,-13.45,-2.0,4544,,,
Danny Espinosa,-24.81,4.84,-.35,,-2.0,9219,,,
Stuart Turner,-11.77,-8.76,.12,,-2.0,15207,,,
Sam Dyson,,,,-13.63,-2.0,11710,,,
Justin Nicolino,-2.60,.60,.00,-12.40,-2.1,11754,,,
Rookie Davis,-.34,.13,.00,-13.62,-2.1,14962,,,
Steven Wright,,,,-13.86,-2.1,8185,,,
Tommy Milone,-1.10,.92,.00,-13.77,-2.1,7608,,,
Martin Perez,-1.94,1.43,.00,-13.56,-2.1,6902,,,
Yovani Gallardo,.21,1.71,.00,-15.21,-2.1,8173,,,
Casey Lawrence,-.43,.44,.00,-13.95,-2.1,11121,,,
Zach Eflin,-3.92,1.10,.00,-12.16,-2.1,13774,,,
Trevor Cahill,.16,1.96,.00,-15.80,-2.2,6249,,,
Alexi Amarista,-10.13,-12.01,.36,,-2.2,9063,,,
Elias Diaz,-14.23,-7.48,-.22,,-2.2,11680,,,
Jharel Cotton,-.57,1.26,.00,-15.39,-2.2,13654,,,
Mike Foltynewicz,-10.09,1.11,.00,-9.06,-2.3,10811,,,
Kyle Gibson,,,,-15.32,-2.3,10123,,,
Jered Weaver,-3.40,.54,.00,-13.41,-2.3,4235,,,
Johnny Cueto,-8.71,1.58,-.86,-10.08,-2.3,6893,,,
Mike Fiers,-.32,.85,.19,-15.93,-2.3,7754,,,
Chad Bell,,,,-15.51,-2.3,10297,,,
Luis Torrens,-14.40,-9.91,.49,,-2.4,15905,,,
Rafael Montero,-5.12,1.12,.08,-13.32,-2.4,12760,,,
Adam Conley,-3.36,1.13,.00,-14.62,-2.4,14457,,,
Bruce Maxwell,-9.42,-14.72,-.20,,-2.4,13866,,,
Nick Hundley,-10.38,-12.81,-1.17,,-2.4,3376,,,
David Holmberg,,,,-16.38,-2.5,7725,,,
Robert Gsellman,-3.35,1.04,-1.92,-13.85,-2.5,13696,,,
Homer Bailey,-1.26,1.09,.00,-16.73,-2.5,8362,,,
Chris Beck,,,,-16.90,-2.5,13418,,,
Edwin Jackson,-4.93,-.35,-.50,-13.77,-2.6,1841,,,
Tom Koehler,-5.64,-1.23,.00,-13.14,-2.7,6570,,,
Rick Porcello,-1.22,1.23,.00,-17.78,-2.7,2717,,,
Wily Peralta,-1.00,.20,.00,-17.28,-2.7,7738,,,
Chris Flexen,-1.86,.92,.00,-17.42,-2.7,13896,,,
Albert Pujols,-24.66,-1.99,-.89,,-2.8,1177,,,
Tim Adleman,-5.07,1.66,.00,-16.64,-2.8,10968,,,
Matt Wieters,-22.00,-3.62,-3.37,,-2.9,4298,,,
Matt Cain,-4.94,1.80,.19,-17.56,-2.9,4732,,,
Ricky Nolasco,-.74,.83,.00,-19.91,-3.0,3830,,,
Vance Worley,-3.04,1.33,.00,-19.20,-3.1,6435,,,
Wade Miley,-.36,1.11,.00,-21.11,-3.1,8779,,,
Clayton Richard,-8.11,3.12,.00,-17.82,-3.2,3551,,,
Amir Garrett,-4.93,.59,.00,-18.56,-3.2,14375,,,
Travis Wood,-.82,.79,.00,-21.68,-3.3,9884,,,
Dylan Covey,-.32,.89,.00,-22.19,-3.3,14825,,,
Jordan Lyles,-1.23,.63,.12,-21.60,-3.3,7593,,,
Nick Pivetta,-10.28,.56,.00,-15.71,-3.3,15454,,,
Tyler Glasnow,.46,.57,.25,-23.07,-3.3,14374,,,
Tucker Barnhart,-.33,-31.28,-2.37,,-3.4,10200,,,
Daniel Gossett,-.54,1.33,.10,-23.41,-3.4,16164,,,
Mark Leiter,-6.02,1.21,.00,-21.21,-3.7,15551,,,
Anibal Sanchez,-.57,-1.08,.00,-23.36,-3.7,3284,,,
James McCann,-4.98,-32.72,.75,,-3.7,12859,,,
Welington Castillo,.97,-33.31,-4.98,,-3.7,3256,,,
Cameron Rupp,-8.89,-27.81,-1.61,,-3.8,11146,,,
Matt Harvey,-8.93,1.18,-.96,-21.14,-4.0,11713,,,
Bronson Arroyo,-3.95,.76,.00,-25.03,-4.1,978,,,
Matt Moore,-8.62,1.24,.19,-22.85,-4.1,1890,,,
Jordan Zimmermann,-.86,.62,.00,-28.93,-4.4,4505,,,
Ubaldo Jimenez,-.76,1.04,.00,-29.30,-4.4,3374,,,
Mike Pelfrey,,,,-31.47,-4.7,5203,,,
Derek Holland,.46,.64,.00,-34.76,-5.1,4141,,,
Bartolo Colon,-5.79,2.27,.00,-32.42,-5.2,375,,,
Chris Tillman,,,,-36.95,-5.5,5279,,,
